,STATE,YEAR,MONTH,TMP_HIGH,TMP_AVG,TMP_LOW,DP_HIGH,DP_AVG,DP_LOW,HUM_HIGH,HUM_AVG,HUM_LOW,SEALVL_HIGH,SEALVL_AVG,SEALVL_LOW,VIS_HIGH,VIS_AVG,VIS_LOW,WIND_HIGH,WIND_AVG,PRECIP,NUMDAY_RAIN,NUM_DAYS_SNOW,NUM_DAYS_FOG,NUM_DAYS_THNDRSTRM
0,IL,2001,JAN,71.62962962962963,54.652655407407416,34.01851851851851,63.5,49.05016509166667,30.796296296296298,98.18518518518519,80.97971651999998,44.92592592592593,30.399629629629633,30.048135453333334,29.60777777777778,10.444444444444445,7.6463895225,0.7962962962962963,23.38888888888889,6.185709785888889,0.6712962962962963,4,5,3,0
1,IL,2001,FEB,81.37037037037035,56.92365748555556,27.555555555555557,68.07407407407408,48.77020333925926,17.51851851851852,97.75925925925928,75.1675442137037,28.98074074074074,30.399074074074072,30.077294388148143,27.45685185185185,10.444444444444445,8.260594471629629,0.0,26.148148148148152,6.729625787962963,1.0796296296296297,5,5,3,2
2,IL,2001,MAR,78.98148148148148,54.88813977148149,28.592592592592595,65.14814814814815,44.41004211888888,17.962962962962965,98.44444444444444,70.68910586574073,24.259259259259256,30.412407407407404,30.05284611203704,29.57037037037037,10.444444444444445,8.726395093240741,0.1111111111111111,27.240740740740737,7.06569910112963,0.9311111111111112,9,2,1,2
3,IL,2001,ARP,82.53703703703704,55.421242793333334,27.111111111111107,67.55555555555556,43.50080992074074,17.870370370370367,98.72222222222223,67.25809916166668,22.79629629629629,30.477592592592593,30.04800827203704,29.443333333333335,10.444444444444445,9.119620588481483,0.4074074074074074,32.07407407407407,8.908652283833334,1.8044444444444447,12,1,1,9
4,IL,2001,MAY,79.64814814814814,53.92050666740741,26.870370370370367,63.55555555555556,42.912003219814814,15.333333333333334,97.62962962962963,68.93719771,23.407407407407405,30.390555555555554,30.024945931666668,29.460185185185182,11.0,8.80073727314815,0.14814814814814814,33.64814814814815,8.241042172925924,1.5735185185185185,19,2,3,7
5,IL,2001,JUN,78.48148148148148,52.742758102592596,22.462962962962965,64.51851851851853,44.10617825925926,15.703703703703704,99.27777777777777,73.76531465296296,30.685185185185187,30.355555555555554,30.038023244629635,29.57037037037037,11.0,8.233984548462963,0.037037037037037035,30.518518518518515,7.494410243037036,1.6035185185185183,14,5,3,5
6,IL,2001,JUL,91.95238095238095,68.72296466928572,42.285714285714285,76.6190476190476,59.79431643738094,32.238095238095234,99.71428571428571,74.91474654452381,32.142857142857146,30.295238095238098,30.00906144333333,29.758809523809525,11.0,8.032027649714285,0.0,27.0952380952381,6.017818740357143,1.8452380952380951,10,4,2,8
7,IL,2001,AUG,94.14285714285714,73.22534562285713,29.571428571428573,78.42857142857143,65.10675883285714,26.285714285714285,100.0,75.95837173571428,35.142857142857146,30.26142857142857,30.018760365714282,29.71142857142857,11.0,7.877419354857143,0.0,25.142857142857142,5.075115207428572,3.2014285714285715,7,0,3,5
8,IL,2001,SEP,89.0,64.07126436714286,36.285714285714285,73.0,53.571756977142854,26.285714285714285,96.28571428571429,71.87701149285715,26.0,30.388571428571424,30.069448275714283,29.635714285714283,11.0,8.610180624,0.14285714285714285,26.285714285714285,6.32348111642857,1.4885714285714289,6,0,3,2
9,IL,2001,OCT,84.0,53.72127760857143,27.285714285714285,65.71428571428571,42.29175274,19.571428571428573,96.14285714285714,68.00730971142858,25.0,30.535714285714285,30.051910060000004,29.338571428571424,11.0,8.849197521142857,0.0,33.57142857142857,9.025425076571427,2.652857142857143,7,0,1,2
10,IL,2001,NOV,73.57142857142857,49.76666666714285,24.714285714285715,59.857142857142854,39.03809523714286,19.571428571428573,96.0,69.65238095571429,24.0,30.490000000000002,30.11042857285715,29.307142857142853,11.0,8.547619047571429,0.0,38.142857142857146,9.09047619142857,1.3742857142857143,6,0,1,1
11,IL,2001,DEC,66.85714285714286,35.124270352857145,7.0,58.0,28.785407065714285,1.2857142857142858,96.0,78.05422427,36.714285714285715,30.371428571428574,30.057115205714286,29.632857142857144,11.0,7.895084485285714,0.0,29.142857142857142,9.382642090000001,1.374285714285714,5,5,4,0
12,IL,2002,JAN,63.53703703703704,33.89053681055556,5.351851851851851,52.481481481481474,25.427017675370372,-1.4814814814814816,96.7962962962963,73.6169818312963,27.166666666666664,30.44814814814815,30.020150784814817,29.596851851851852,10.444444444444445,8.604437028814814,0.14814814814814814,26.759259259259263,8.80958266425926,1.157037037037037,11,14,3,1
13,IL,2002,FEB,61.75925925925925,34.51388888796296,7.888888888888889,51.42592592592593,25.751322752222226,2.6296296296296293,96.75925925925928,72.36706349222223,32.47740740740741,30.54740740740741,30.101223544814818,28.666481481481483,10.444444444444445,8.769841269962962,0.07407407407407407,31.203703703703702,10.444444444555554,0.8829629629629631,10,13,3,1
14,IL,2002,MAR,68.77777777777777,38.0048586212963,-0.629629629629629,56.07407407407407,29.087335723703703,-7.833333333333333,95.88888888888889,72.86176822037038,23.14814814814814,30.605,30.07975069703703,29.51759259259259,10.444444444444445,8.096734368648148,0.0,40.25925925925925,10.406332138333333,1.7444444444444445,24,16,6,8
15,IL,2002,ARP,87.5925925925926,53.60952380888889,23.185185185185187,67.77777777777777,42.88950617277778,16.01851851851852,96.92592592592594,70.16340388,25.037037037037035,30.488148148148145,30.054674603148143,29.47259259259259,10.444444444444445,8.595943562611112,0.09259259259259259,40.22222222222222,9.671516755166667,2.70462962962963,27,2,2,13
16,IL,2002,MAY,90.18518518518519,59.425613453703704,33.77777777777778,69.94444444444444,48.766142818148154,20.740740740740744,97.85185185185186,70.27036577629629,22.240740740740744,30.460740740740746,30.026769553518516,29.449814814814815,10.444444444444445,8.970131421666666,0.4074074074074074,31.5,8.375273412462963,3.7181481481481486,35,0,1,24
17,IL,2002,JUN,92.96296296296295,74.00859088944443,51.72222222222222,75.29629629629629,61.88340144777778,39.64814814814815,97.14814814814814,68.32937845870372,25.796296296296298,30.35092592592592,29.989617539999998,29.735370370370376,10.444444444444445,8.619744572203706,0.09259259259259259,26.444444444444443,6.026424010185185,2.0612962962962964,26,0,2,20
18,IL,2002,JUL,95.55555555555556,77.71445639092593,55.370370370370374,78.0925925925926,66.30465949962962,38.55555555555555,96.55555555555556,69.50776583074074,24.574074074074076,30.24666666666667,30.03256272462963,29.779999999999998,10.444444444444445,8.584826762185186,0.5185185185185186,24.72222222222222,4.961768219851852,1.6946296296296297,18,0,1,14
19,IL,2002,AUG,93.44444444444444,74.1989247312963,54.203703703703695,78.55555555555556,65.44444444462962,46.53703703703704,98.07407407407408,76.18817204277778,32.611111111111114,30.284444444444446,30.057198327037035,29.81037037037037,10.444444444444445,8.17622461185185,0.07407407407407407,24.61111111111111,5.498207885407408,2.6362962962962957,20,0,7,20
20,IL,2002,SEP,91.75925925925925,68.69259259222221,39.14814814814815,72.90740740740742,56.59074074092593,31.296296296296298,98.2962962962963,69.54753086314814,21.203703703703702,30.361296296296295,30.02323456740741,29.60314814814815,10.444444444444445,8.43703703714815,0.14814814814814814,22.148148148148145,4.920370370425925,1.3498148148148148,15,0,5,7
21,IL,2002,OCT,85.59259259259258,51.3864994024074,27.648148148148145,70.2037037037037,42.119474313518516,17.77777777777778,98.62962962962963,74.01911589000001,24.46296296296296,30.48074074074074,30.086720431296296,29.512777777777778,10.444444444444445,8.175627240148149,0.0,28.907407407407405,6.591397849407408,1.6975925925925928,28,0,4,3
22,IL,2002,NOV,66.48148148148148,39.376176910000005,15.962962962962962,60.166666666666664,31.406105006666664,9.074074074074074,98.85185185185186,74.61868810222221,32.01851851851851,30.435000000000002,30.02848582333333,29.30759259259259,10.444444444444445,8.474664224666666,0.48148148148148145,30.314814814814813,8.659177859648148,0.44740740740740736,18,7,1,1
23,IL,2002,DEC,60.092592592592595,32.31632311351852,6.777777777777778,55.018518518518526,24.423307024814815,-0.05555555555555548,98.37037037037038,74.59556430518518,25.351851851851848,30.598888888888887,30.04590197851852,29.498333333333328,10.444444444444445,7.9600178525,0.0,31.22222222222222,9.214232627444444,1.251111111111111,8,12,6,2
24,IL,2003,JAN,57.59259259259258,22.629988051296298,-8.518518518518517,39.57407407407407,13.931581042629631,-17.092592592592595,98.51851851851853,69.87992831555556,25.90740740740741,30.639259259259266,30.166039028888886,29.498703703703704,10.444444444444445,8.595021903555555,0.07407407407407407,27.40740740740741,9.344364794574075,0.2274074074074074,6,26,2,0
25,IL,2003,FEB,53.77777777777778,26.14912864888889,-0.6111111111111112,49.49999999999999,19.227365228703704,-6.203703703703703,98.77777777777777,75.6337042588889,28.944444444444443,30.57759259259259,30.061018009999998,29.33962962962963,10.444444444444445,7.714780589907408,0.0,31.481481481481474,9.327260702407408,0.7533333333333333,8,23,6,1
26,IL,2003,MAR,74.92592592592592,41.37817887074074,9.555555555555554,58.20370370370371,32.47290493203704,-3.9074074074074066,99.2962962962963,73.78806110314815,24.79629629629629,30.394814814814808,29.94040279981482,29.47222222222222,10.444444444444445,7.595195425740741,0.0,29.333333333333332,8.678102065629629,1.4716666666666665,23,13,9,8
27,IL,2003,ARP,84.24074074074073,53.45185185166666,28.055555555555557,64.35185185185186,40.378395061481484,18.25925925925926,99.07407407407408,65.75555555518518,16.314814814814813,30.331296296296298,29.954030864814815,29.506481481481476,10.555555555555555,8.74259259262963,0.4259259259259259,31.61111111111111,10.07592592574074,1.9783333333333337,27,1,1,10
28,IL,2003,MAY,84.44444444444444,60.55177773388888,37.18518518518518,72.24074074074073,50.97132379462963,26.685185185185187,98.51851851851853,73.12322922037036,24.962962962962965,30.353518518518527,29.9256724537037,29.383333333333333,10.444444444444445,8.488433432499997,0.35185185185185186,34.407407407407405,8.60508998512963,2.8466666666666667,36,0,2,24
29,IL,2003,JUN,91.14814814814814,67.25982905962964,40.48148148148149,71.68518518518518,56.488766788888896,27.148148148148145,99.18518518518519,70.23182064703705,25.0,30.184259259259264,29.946356600555557,29.671481481481482,10.444444444444445,8.567304300629631,0.037037037037037035,25.962962962962965,6.111396011444444,1.9366666666666665,25,0,6,13
30,IL,2003,JUL,92.92592592592594,73.75240020796296,53.42592592592593,78.09259259259258,65.25464265000001,50.611111111111114,98.74074074074075,75.12779462666666,38.25925925925927,30.203148148148152,29.983678338518516,29.659814814814823,10.166666666666666,8.86139447961111,0.1111111111111111,28.333333333333332,5.741880341944445,2.205,23,0,4,25
31,IL,2003,AUG,96.48148148148147,74.72520908055554,55.79629629629629,76.46296296296296,65.2903225811111,47.77777777777778,98.2962962962963,74.28315412148147,29.055555555555557,30.36537037037037,30.040316607222223,29.84907407407407,10.166666666666666,7.726403823185186,0.0,22.38888888888889,4.783154121925926,2.052962962962963,23,0,10,20
32,IL,2003,SEP,86.25925925925927,63.90867272055555,35.59259259259259,70.85185185185186,52.46234094814815,25.962962962962965,96.85185185185186,69.42226952537037,24.388888888888882,30.363703703703703,30.047631356851852,29.58203703703704,10.444444444444445,8.471105907999998,0.0,22.870370370370367,5.6322879712962965,2.238703703703704,23,0,6,10
33,IL,2003,OCT,84.24074074074075,54.89482278055556,27.68518518518518,64.01851851851853,42.921186777407414,13.407407407407408,97.03703703703705,67.40923934666667,21.185185185185187,30.38796296296296,29.998137395,29.51537037037037,10.61111111111111,9.023576264574075,0.0,28.88888888888889,6.560573476592593,1.3574074074074076,20,0,6,10
34,IL,2003,NOV,76.05555555555554,44.88589065222222,20.925925925925924,63.31481481481482,37.67178130574074,12.981481481481481,98.59259259259261,76.57451499092593,29.722222222222214,30.669814814814817,30.05897883611111,29.488148148148145,10.444444444444445,7.825925925888888,0.0,36.01851851851852,9.407760140907406,2.3066666666666666,29,5,9,6
35,IL,2003,DEC,54.85185185185185,33.95974235037036,10.518518518518517,51.111111111111114,27.25074022166667,4.796296296296297,98.51851851851853,77.58695652055556,27.425925925925924,30.585185185185182,30.064238221851852,29.348148148148148,10.444444444444445,8.381876266222221,0.16666666666666666,33.25925925925927,9.869565216462965,1.5055555555555555,20,21,3,2
36,IL,2004,JAN,63.18518518518519,26.46370256592592,-5.37037037037037,59.27777777777779,19.34512589185185,-11.24074074074074,98.40740740740742,75.39833937055556,35.351851851851855,30.54777777777777,30.115455805000003,29.593148148148153,10.166666666666666,8.50783220496296,0.4444444444444444,26.518518518518515,9.467141403888888,0.8012962962962962,8,24,4,1
37,IL,2004,FEB,61.407407407407405,32.081818776851854,6.722222222222223,47.42592592592593,25.191957298333328,0.16666666666666666,98.44444444444444,76.68051543999998,35.46296296296296,30.520185185185184,30.166851001296298,29.368518518518517,9.88888888888889,8.246121099,0.1111111111111111,28.759259259259256,9.029279235407408,0.3338888888888889,9,17,3,0
38,IL,2004,MAR,72.61111111111113,45.35069693203704,19.222222222222225,62.74074074074073,35.8130625237037,8.425925925925927,99.07407407407408,72.0344882524074,22.351851851851855,30.515925925925924,30.101341696481484,29.43185185185185,10.166666666666666,8.337236160962963,0.16666666666666663,35.68518518518519,10.33269613712963,3.025185185185185,40,9,6,9
39,IL,2004,ARP,84.62962962962963,53.962962964259255,28.370370370370374,63.203703703703695,39.73271604962963,17.555555555555557,98.0,61.65061728370371,19.555555555555557,30.254629629629633,30.005993826666668,29.540925925925926,10.444444444444445,9.229629629685187,0.9259259259259258,39.351851851851855,9.66728395111111,1.2625925925925925,21,0,1,8
40,IL,2004,MAY,87.16666666666669,64.41334541833334,35.18518518518519,73.81481481481481,55.68471278129629,28.35185185185185,98.7037037037037,75.28338757722221,28.925925925925924,30.335370370370374,29.95697194462963,29.446851851851857,10.0,8.682949504907407,0.1111111111111111,30.555555555555557,8.604773479574074,3.5294444444444446,38,0,5,29
41,IL,2004,JUN,91.01851851851853,69.71843337574074,47.70370370370371,75.87037037037037,59.33373776055555,37.81481481481481,97.18518518518519,71.27999148555556,27.68518518518518,30.298148148148144,30.016620051111115,29.658333333333335,10.166666666666666,9.194252873537035,0.24074074074074073,25.296296296296298,5.801234567759259,1.755,26,0,3,14
42,IL,2004,JUL,90.85185185185185,72.07701826185185,50.98148148148149,79.51851851851852,63.93870540907407,46.35185185185185,97.55555555555556,77.25251749481481,39.407407407407405,30.29296296296296,29.96697260592592,29.65555555555555,10.166666666666666,8.195873869240742,0.0,25.574074074074073,5.196940604111111,2.202592592592593,31,0,7,21
43,IL,2004,AUG,89.31481481481481,67.804872845,44.96296296296296,77.4074074074074,59.584954769629626,39.666666666666664,98.31481481481481,76.67306707555555,33.20370370370371,30.330555555555552,30.023988733888885,29.746111111111116,10.444444444444445,8.644094555314815,0.0,22.537037037037038,4.89213176312963,2.092407407407407,26,0,10,22
44,IL,2004,SEP,86.75925925925927,67.00679012314815,39.20370370370371,71.44444444444444,54.67567901111112,33.574074074074076,98.88888888888889,68.38592592611111,23.314814814814813,30.333333333333332,30.10694074148148,29.82611111111111,9.88888888888889,8.6385185185,0.0,21.90740740740741,4.752098765518519,0.355925925925926,6,0,7,4
45,IL,2004,OCT,80.5925925925926,55.29895128111112,29.425925925925924,68.96296296296298,45.344683394259256,21.0,98.22222222222223,73.60679675962963,20.185185185185187,30.43907407407407,29.98142108,29.441851851851855,9.88888888888889,7.697597238833333,0.0,30.425925925925924,7.444245320333333,2.034074074074074,34,0,7,11
46,IL,2004,NOV,69.77777777777777,45.269723691481474,19.27777777777778,62.24074074074075,38.35246913555555,15.240740740740742,98.22222222222223,78.50271408999998,28.685185185185187,30.71703703703704,30.127964333518516,29.386296296296297,9.88888888888889,8.037340779907407,0.037037037037037035,29.925925925925924,7.807662159814815,2.5951851851851853,33,5,3,4
47,IL,2004,DEC,60.53703703703704,31.71894011259259,-2.111111111111111,54.85185185185185,24.87699364166667,-9.314814814814817,99.40740740740742,76.41414191314816,34.55555555555556,30.663333333333338,30.08256328759259,29.414814814814818,9.88888888888889,8.593529161351853,0.0,33.388888888888886,9.589984756537037,0.8798148148148148,12,13,9,1
48,IL,2005,JAN,61.72222222222221,28.740422141851848,0.9444444444444442,57.81481481481482,24.240581441296296,-5.296296296296297,99.40740740740742,82.9202708075926,43.83333333333334,30.828333333333333,30.212093589629628,29.518888888888885,10.0,7.418359219351852,0.05555555555555555,34.111111111111114,8.304739147481483,2.9498148148148147,21,24,11,8
49,IL,2005,FEB,60.77777777777778,35.728174602962966,15.555555555555555,50.85185185185185,30.448412698148154,7.666666666666667,99.40740740740742,82.25198412648147,43.33333333333333,30.45074074074074,30.11709656111111,29.4962962962963,9.88888888888889,7.033068783055555,0.09259259259259259,25.740740740740744,7.712301587518518,0.9561111111111111,24,17,6,1
50,IL,2005,MAR,74.55555555555556,38.86559139722222,16.01851851851852,56.74074074074075,28.318353093148147,5.425925925925926,99.20370370370372,68.75719143518519,23.814814814814813,30.311481481481483,29.92213307685186,29.37314814814815,10.25925925925926,8.564929694037037,0.2777777777777778,32.99999999999999,9.393667861703705,0.9316666666666666,21,12,2,6
51,IL,2005,ARP,82.27777777777777,54.97906768796297,32.111111111111114,64.07407407407408,41.41335887611111,20.185185185185183,98.66666666666667,63.83578118314814,19.962962962962962,30.390925925925924,29.93961417592592,29.49555555555556,9.88888888888889,9.076675180814814,0.6296296296296295,29.46296296296296,8.806573010092592,1.7055555555555555,30,0,1,10
52,IL,2005,MAY,87.74074074074075,60.932935085555556,29.333333333333332,68.48148148148147,46.46543209925925,17.037037037037038,99.11111111111111,61.685424133518524,18.85185185185185,30.345925925925926,29.988814814814816,29.672777777777778,9.88888888888889,9.247909199666665,0.574074074074074,30.055555555555557,7.517164476092593,1.5283333333333333,22,0,2,13
53,IL,2005,JUN,94.88888888888889,74.71837606833334,51.27777777777778,75.18518518518518,62.80432098722221,43.18518518518519,97.74074074074075,68.18129154870368,28.22222222222222,30.22277777777778,29.937171413333335,29.68111111111111,9.88888888888889,8.573409306703704,0.7592592592592592,29.07407407407407,6.071937321907408,0.8644444444444445,21,0,1,19
54,IL,2005,JUL,97.22222222222223,75.51775047018518,52.75925925925927,80.62962962962962,65.65996756962963,47.35185185185185,98.37037037037037,72.9903140462963,28.037037037037035,30.27666666666666,30.00595109962963,29.741666666666667,9.88888888888889,8.384067246962964,0.037037037037037035,22.370370370370367,4.9601894522037036,1.8046296296296296,22,0,7,13
55,IL,2005,AUG,96.16666666666669,74.96621373962962,55.5,78.66666666666666,66.04628997407407,51.94444444444444,98.62962962962963,75.70723862592592,33.27777777777778,30.222037037037037,29.997749923703697,29.63740740740741,9.88888888888889,7.990481879777779,0.07407407407407407,23.51851851851852,4.267490344166666,1.9074074074074074,26,0,11,16
56,IL,2005,SEP,92.38888888888891,69.84876543185186,38.29629629629629,72.62962962962962,59.02160493796296,29.333333333333332,99.03703703703702,72.27839506166669,27.129629629629633,30.298148148148147,30.06809876518518,29.71462962962963,9.88888888888889,8.066666666703703,0.0,25.425925925925924,4.970370370333334,2.1362962962962957,23,0,9,16
57,IL,2005,OCT,87.20370370370371,55.298088412037046,29.01851851851852,71.42592592592592,45.45937873333333,25.240740740740744,99.18518518518519,72.56869772962963,22.703703703703702,30.443703703703704,30.085925925185183,29.75833333333334,9.88888888888889,8.726403823037037,0.0,21.57407407407407,5.972520908166667,0.9851851851851853,17,0,6,5
58,IL,2005,NOV,73.94444444444444,44.416177096851854,14.01851851851852,63.611111111111114,33.96698595037037,-4.907407407407408,98.96296296296298,68.56613452555555,23.740740740740744,30.593888888888884,29.97179331703704,29.274814814814818,9.88888888888889,9.034951043055555,0.4444444444444444,33.68518518518519,10.64561515585185,1.9751851851851852,20,5,2,10
59,IL,2005,DEC,50.666666666666664,26.23894862611111,-2.3518518518518516,45.48148148148149,21.97371565037037,-7.055555555555555,98.09259259259261,82.62425328518518,51.44444444444444,30.67092592592593,30.042532855925927,29.429444444444446,9.88888888888889,7.510752688166666,0.0,26.351851851851855,8.112903225574074,0.544074074074074,14,31,8,2
60,IL,2006,JAN,60.74074074074073,38.24474417833332,19.11111111111111,55.18518518518518,32.193089354074075,13.759259259259258,97.62962962962963,80.35423295388888,38.03407407407408,30.540925925925926,29.950817644999997,28.667777777777776,9.88888888888889,7.970575782333333,0.037037037037037035,34.203703703703695,10.452602234722221,1.568148148148148,21,11,6,5
61,IL,2006,FEB,62.296296296296305,31.294532627407406,0.5925925925925926,50.85185185185185,20.99052028222222,-12.555555555555552,97.59259259259261,68.15013227481481,21.759259259259256,30.74666666666667,30.078022486481487,29.534444444444446,10.166666666666666,9.088403880166668,0.14814814814814814,28.51851851851852,8.762566137037036,0.5187037037037038,7,14,3,4
62,IL,2006,MAR,73.4074074074074,41.77299880481482,16.75925925925926,62.94444444444444,32.90800477833333,11.037037037037036,98.0,72.48088411074076,26.555555555555557,30.495185185185182,30.07297491055556,29.165185185185187,9.88888888888889,8.360812425407408,0.0,35.61111111111111,9.556750298333332,2.73037037037037,31,9,5,13
63,IL,2006,ARP,85.0,56.87490421351851,29.259259259259256,66.14814814814815,43.311472967777775,21.129629629629633,97.37037037037037,63.8505959974074,20.055555555555554,30.30981481481481,29.925398255555553,29.41222222222222,9.88888888888889,9.33105576838889,0.7222222222222222,36.01851851851851,9.60355470387037,2.8396296296296293,31,0,1,20
64,IL,2006,MAY,92.55555555555556,62.20333959111112,39.03703703703703,72.12962962962962,51.031563975000005,27.64814814814815,98.37037037037037,69.5638106612963,21.074074074074076,30.23333333333333,29.88859612055555,29.514629629629628,9.88888888888889,8.900762360018518,0.037037037037037035,29.425925925925924,7.457848324648148,1.9394444444444443,40,0,4,20
65,IL,2006,JUN,91.64814814814817,71.20679012240741,50.68518518518519,73.44444444444444,58.71296296314816,40.05555555555556,96.96296296296296,66.38827160518518,25.40740740740741,30.182962962962968,30.009407406481483,29.790370370370372,9.88888888888889,9.222222222222221,0.4999999999999999,27.759259259259256,5.80061728412963,1.6974074074074073,31,0,2,21
66,IL,2006,JUL,96.74074074074075,76.7376129487037,52.27777777777778,80.4074074074074,67.36961366907408,48.148148148148145,98.11111111111111,73.9592462061111,32.27777777777777,30.337962962962965,30.003351881481485,29.77148148148148,9.88888888888889,8.240253909611111,0.0,31.44444444444445,5.244086594888889,1.9251851851851853,28,0,8,22
67,IL,2006,AUG,95.44444444444444,73.4854428538889,55.296296296296305,77.92592592592592,65.31043863555556,50.666666666666664,96.92592592592592,77.21748589462965,35.51851851851851,30.225925925925928,30.005695154629635,29.76240740740741,10.0,7.899159668222223,0.07407407407407407,24.685185185185187,5.016787016148148,2.8692592592592585,31,0,7,19
68,IL,2006,SEP,85.83333333333334,63.086951894814824,37.85185185185186,70.48148148148147,53.908407832037035,32.370370370370374,97.92592592592592,74.68752660833334,28.92592592592593,30.184999999999995,29.973403362777773,29.549999999999994,10.555555555555555,8.403873988962962,0.037037037037037035,23.685185185185187,5.637696892203703,1.5724074074074077,29,0,8,14
69,IL,2006,OCT,90.53703703703705,51.13821684555555,25.500000000000007,67.42592592592592,40.31593488666667,14.425925925925927,98.0,69.60506272388889,21.07407407407407,30.490740740740744,29.98822580685185,29.41388888888889,10.0,8.936081242611111,0.3148148148148148,29.296296296296298,8.181526284759261,1.6744444444444442,26,0,1,5
70,IL,2006,NOV,72.38888888888889,44.34369944648147,18.90740740740741,60.703703703703695,35.83627075296296,13.074074074074073,97.55555555555556,74.30483184407409,24.907407407407405,30.501851851851857,30.078715198703705,29.4812962962963,10.0,7.961579395462962,0.0,28.925925925925924,7.824350787333334,1.901851851851852,23,2,6,3
71,IL,2006,DEC,59.46296296296297,36.19487587962963,3.2407407407407405,54.981481481481474,29.907433957222224,-2.0000000000000004,98.11111111111111,78.22626665,36.35185185185185,30.716481481481473,30.147889641481484,29.493888888888893,10.0,8.122169122462962,0.18518518518518517,29.77777777777778,8.771259790481484,1.6033333333333333,20,7,9,4
72,IL,2007,JAN,53.42592592592593,30.164232929629634,3.7407407407407405,50.29629629629629,24.511748306851857,-1.4074074074074074,97.37037037037038,79.28476923870372,41.222222222222214,30.70685185185185,30.12427651740741,29.613888888888887,10.0,8.052015576018517,0.1111111111111111,28.740740740740737,10.04367449912963,1.363148148148148,20,26,2,1
73,IL,2007,FEB,50.77777777777778,22.00754458222222,-4.4444444444444455,42.79629629629629,13.850872035962961,-14.481481481481483,97.11111111111114,71.43209876537038,31.333333333333332,30.62907407407407,30.07662649314815,29.380925925925933,10.0,8.546516754814814,0.07407407407407407,31.703703703703702,9.975896532166665,0.8892592592592593,8,23,3,3
74,IL,2007,MAR,80.68518518518518,48.31730729574073,15.129629629629628,64.07407407407408,38.56978947814816,8.851851851851853,97.22222222222223,71.96117084851852,24.53703703703703,30.546851851851855,30.09136880407408,29.124074074074073,10.0,8.509413751907406,0.24074074074074073,33.55555555555556,9.900444938592594,2.190925925925926,33,7,5,20
75,IL,2007,ARP,86.5,50.71549885833333,22.68518518518518,62.22222222222222,37.21221989981481,6.685185185185184,96.92592592592592,63.17127888037037,21.722222222222218,30.294814814814814,29.967475608703708,28.21,10.185185185185183,9.251030419148147,0.8518518518518519,33.277777777777786,10.11080924135185,1.651851851851852,19,3,0,11
76,IL,2007,MAY,88.42592592592592,67.43600159277777,38.518518518518505,67.64814814814815,51.65981680611112,21.27777777777778,96.74074074074075,60.82277976814814,17.296296296296298,30.36481481481481,30.078084428333334,29.82851851851852,10.277777777777779,8.766109119944446,0.2777777777777778,30.870370370370367,7.563082436944445,1.6601851851851852,27,0,3,13
77,IL,2007,JUN,92.22222222222223,72.30432098777779,49.18518518518518,74.37037037037038,59.58950617314814,36.09259259259259,96.5925925925926,67.0401234562963,21.555555555555557,30.233518518518522,29.97106172740741,29.52962962962963,10.0,8.859259259074072,0.037037037037037035,30.333333333333332,5.777777777777779,1.990740740740741,30,0,6,22
78,IL,2007,JUL,91.09259259259261,73.03622726574075,53.388888888888886,76.25925925925927,62.055475905925924,45.98148148148149,95.14814814814814,69.76601619555555,31.462962962962965,30.254259259259257,30.00094252,29.775555555555556,10.925925925925927,9.106026815425928,0.25925925925925924,24.259259259259256,4.67250763312963,1.7779629629629627,20,0,4,17
79,IL,2007,AUG,96.72222222222223,78.01550007518519,54.35185185185185,79.01851851851853,66.06532635648148,43.000000000000014,95.18518518518516,70.11997281074073,26.314814814814817,30.223888888888894,29.983622970740743,29.77444444444445,10.0,8.711196253777779,0.2592592592592593,24.90740740740741,4.864054711037038,1.5185185185185184,29,0,6,25
80,IL,2007,SEP,94.22222222222223,69.88059964740741,37.53703703703704,73.05555555555557,53.90961199185185,21.814814814814813,96.33333333333333,61.560582010185186,16.055555555555554,30.390925925925924,30.07437830777778,29.83203703703704,10.0,9.173985890740742,0.6111111111111112,24.629629629629633,5.436772486703704,42.82981481481481,19,0,2,8
81,IL,2007,OCT,90.57407407407406,59.84229390722222,30.629629629629637,69.77777777777777,47.66427718055556,22.425925925925924,96.0925925925926,67.10334528166666,22.333333333333332,30.621481481481485,30.01081839907407,29.31425925925926,10.0,9.170250896185186,0.1111111111111111,30.944444444444443,7.933094384777778,5.215000000000001,31,0,3,8
82,IL,2007,NOV,68.0925925925926,41.94320987648148,20.351851851851855,58.55555555555556,30.60370370333333,6.444444444444445,96.35185185185186,66.31419753129629,21.07407407407407,30.489999999999995,30.11008641962963,29.699444444444445,10.0,8.787037037055555,0.3888888888888889,27.574074074074076,8.535185184999998,1.0305555555555554,16,4,2,6
83,IL,2007,DEC,56.96296296296296,30.72392370111111,7.555555555555554,53.333333333333336,26.264739972037038,3.6481481481481484,97.2962962962963,82.99345775129629,47.14814814814815,30.482037037037028,30.074837336851854,29.392962962962965,10.0,6.4172248999814805,0.0,34.98148148148148,8.200586385444446,1.956851851851852,28,30,16,3
84,IL,2008,JAN,66.05555555555556,26.932775785555556,-4.888888888888888,57.666666666666664,19.720071685555556,-13.333333333333332,97.01851851851853,73.72142572759259,34.833333333333336,30.78055555555556,30.102042214444445,29.10888888888889,10.0,8.47793707674074,0.07407407407407407,37.203703703703695,11.251294305888889,1.2477777777777779,17,29,2,6
85,IL,2008,FEB,55.629629629629626,26.590653232037038,4.425925925925926,51.92592592592592,20.75322832425926,-9.277777777777779,97.22222222222223,78.36786339314816,40.129629629629626,30.538518518518522,30.00717468462963,29.15962962962963,10.0,7.3099191145,0.0,34.2037037037037,9.894777920666666,1.989259259259259,19,40,10,6
86,IL,2008,MAR,67.11111111111111,39.217124652037036,12.648148148148149,58.44444444444444,30.51103146259259,3.5925925925925934,97.55555555555556,73.02839506092593,24.555555555555557,30.445555555555554,30.0512684174074,29.565740740740743,10.0,8.499920350499998,0.037037037037037035,32.2037037037037,9.42564715262963,3.709444444444445,26,10,5,13
87,IL,2008,ARP,80.05555555555556,51.68024691407407,29.055555555555557,63.370370370370374,40.99567901222222,21.27777777777778,97.55555555555556,69.25123456777779,25.40740740740741,30.469074074074072,29.982604938518516,29.426111111111116,10.0,8.972839506185187,0.16666666666666663,35.388888888888886,10.02160493814815,2.2368518518518514,32,2,3,13
88,IL,2008,MAY,84.44444444444444,59.46415770777777,36.592592592592595,70.77777777777777,47.48028673833333,27.01851851851852,96.85185185185185,66.26642771870371,22.18518518518518,30.336851851851854,29.86590203074074,29.19240740740741,10.0,9.331541218666667,0.35185185185185186,34.833333333333336,8.886499403407406,3.6396296296296295,41,0,3,24
89,IL,2008,JUN,90.90740740740739,73.22699020925926,53.07407407407407,75.75925925925925,60.794572159629624,38.94444444444444,96.70370370370371,66.76132396629629,23.148148148148145,30.205185185185186,29.91659940296296,29.53462962962963,10.0,9.576990208666667,0.07407407407407407,35.31481481481482,7.766347381907407,3.125555555555555,36,0,3,30
90,IL,2008,JUL,91.25925925925925,74.06167346333332,50.01851851851851,77.20370370370371,64.52112017500001,47.66666666666666,95.77777777777777,72.64742718296297,31.46296296296296,30.18,29.975526058518515,29.75,10.0,8.930659580611112,0.037037037037037035,29.462962962962965,5.24037201837037,3.257407407407408,33,0,7,24
91,IL,2008,AUG,90.72222222222223,71.43692580185186,51.629629629629626,79.77777777777777,61.79236188425926,48.092592592592595,96.22222222222223,72.55637951611112,34.148148148148145,30.223333333333333,29.998718741111116,29.764444444444443,10.0,8.767025089555554,0.0,22.27777777777778,4.1724549910370365,0.6927777777777778,18,0,7,14
92,IL,2008,SEP,90.94444444444444,66.70163899370371,41.907407407407405,74.27777777777777,57.09676458111111,33.24074074074073,97.18518518518518,74.93044912703704,26.574074074074076,30.335925925925924,30.089303959444447,29.391481481481478,10.277777777777779,8.190570455537035,0.0,27.35185185185185,4.583993188592592,4.779444444444444,29,0,11,13
93,IL,2008,OCT,83.92592592592592,54.75181509,26.666666666666668,66.57407407407408,42.99416413944445,16.166666666666668,96.66666666666667,68.06006800759259,21.555555555555557,30.477592592592586,30.16225843166667,29.751666666666665,10.0,9.285993934425925,0.18518518518518517,29.629629629629626,6.442560426592592,1.466851851851852,20,0,3,3
94,IL,2008,NOV,73.68518518518519,40.833950618333326,15.296296296296298,57.07407407407407,31.304938271851857,7.333333333333333,96.74074074074075,70.36049382759259,29.851851851851855,30.605185185185192,30.056870370185184,29.298333333333332,10.0,8.974074074148149,0.12962962962962962,26.03703703703704,8.412962963185185,0.8524074074074073,21,8,3,1
95,IL,2008,DEC,63.05555555555556,27.628314038518518,-0.3333333333333334,59.07407407407407,21.32921352925926,-9.09259259259259,96.88888888888889,76.99553687907408,44.20370370370371,30.655740740740743,30.086260550185184,29.36296296296296,10.0,8.421273294055556,0.0,34.75925925925926,11.020241970111112,2.375,23,33,5,5
96,IL,2009,JAN,54.48148148148148,21.321241920925925,-13.48148148148148,45.611111111111114,14.114940415407409,-21.592592592592595,96.7962962962963,73.72563489851852,35.83333333333334,30.78796296296296,30.076678398888888,29.365740740740737,10.0,8.405645927074076,0.0,29.333333333333332,9.101651195925925,0.35259259259259257,6,36,4,1
97,IL,2009,FEB,64.81481481481481,32.731782108703705,2.851851851851852,53.94444444444444,24.37900833685185,-3.981481481481482,96.07407407407408,72.27479156666668,37.629629629629626,30.62944444444444,30.111717572962966,29.28462962962963,10.0,8.873536956814814,0.07407407407407407,34.53703703703704,10.558140931814815,2.2627777777777776,13,12,5,6
98,IL,2009,MAR,75.20370370370371,44.432696135925916,13.018518518518517,59.74074074074073,32.60780565444445,5.351851851851851,96.05555555555556,65.70246913499999,21.962962962962962,30.67777777777778,30.088219434629632,29.326296296296295,10.0,9.330625248888888,0.3888888888888889,37.888888888888886,9.994782954722222,2.6685185185185185,25,4,1,11
99,IL,2009,ARP,83.05555555555557,51.968719004074075,28.851851851851848,65.24074074074075,40.33934261925926,18.870370370370367,96.72222222222223,67.11049382666667,23.129629629629626,30.40277777777778,29.947029440555557,29.41222222222222,10.0,8.935760261685184,0.3333333333333333,31.370370370370367,10.446196054074074,4.187407407407408,36,4,3,16
100,IL,2009,MAY,85.4074074074074,62.987889247407416,38.51851851851852,70.05555555555556,50.65707193703704,25.166666666666668,96.7037037037037,66.18566043314814,19.814814814814813,30.3937037037037,29.994597760555557,29.592037037037034,10.0,9.212105161055556,0.0,31.296296296296298,6.726099252000001,3.140185185185185,32,0,4,20
101,IL,2009,JUN,94.92592592592592,72.64115226425923,47.44444444444444,77.20370370370371,61.432510287962955,35.611111111111114,95.92592592592592,69.77578875129629,26.48148148148148,30.112037037037037,29.884109739629626,29.63851851851852,10.0,9.049931412851853,0.38888888888888884,29.31481481481482,6.334087791537037,2.8046296296296296,33,0,3,24
102,IL,2009,JUL,85.33333333333333,69.56845195407406,52.74074074074075,73.64814814814815,60.504437617222216,46.85185185185186,96.11111111111111,73.54810377203704,37.72222222222222,30.182962962962968,29.972172043333337,29.695,10.0,8.936600102444446,0.07407407407407407,24.592592592592595,4.829295101537038,2.811666666666666,26,0,5,15
103,IL,2009,AUG,87.90740740740739,68.40121360740741,45.05555555555556,74.55555555555554,60.4799408912963,40.48148148148149,96.31481481481482,76.69993082962964,38.03703703703704,30.310555555555553,30.014975477777778,29.65462962962963,10.0,8.587562095092592,0.18518518518518517,26.01851851851852,5.393887945592592,2.715,28,0,11,17
104,IL,2009,SEP,82.31481481481482,64.14387615055556,40.59259259259258,68.4074074074074,55.15750538981482,34.25925925925926,96.31481481481482,74.82007642574074,30.33333333333334,30.337962962962965,30.07466117962963,29.51055555555556,10.0,7.8151283558888895,0.0,25.648148148148145,4.6824025084444445,1.2868518518518517,20,0,17,8
105,IL,2009,OCT,72.66666666666667,48.57034702481481,26.27777777777778,63.77777777777778,41.41070599574075,20.27777777777778,96.46296296296296,77.40814485314814,32.94444444444444,30.436296296296298,29.98344644925926,29.377407407407404,10.0,8.437503948185185,0.037037037037037035,26.77777777777778,7.372904049555556,4.388333333333334,42,2,3,7
106,IL,2009,NOV,74.42592592592592,46.859817754444435,24.388888888888896,56.31481481481481,37.902704290925925,14.333333333333334,97.74074074074075,73.55752498481482,22.851851851851848,30.462407407407404,30.077082304629627,29.73944444444444,10.0,8.531099353277776,0.0,23.79629629629629,7.315490887666666,1.2427777777777778,23,0,5,2
107,IL,2009,DEC,55.55555555555556,28.901951413888884,4.685185185185186,43.70370370370371,23.2985264837037,-2.4444444444444446,96.75925925925925,79.1383512551852,35.98148148148148,30.582962962962963,30.032130226851855,29.072037037037035,10.0,7.454838709685185,0.07407407407407407,34.09259259259259,9.443050577574075,38.76833333333334,21,29,5,2
108,IL,2010,JAN,49.351851851851855,21.77889899740741,-8.61111111111111,45.44444444444444,16.577515852962968,-14.685185185185187,97.0,80.15017461518518,43.87037037037036,30.594074074074072,30.13222093537037,29.230925925925924,10.0,7.147559966925927,0.0,27.907407407407405,8.463725760833334,0.6514814814814814,10,24,16,2
109,IL,2010,FEB,44.111111111111114,25.563492062962965,2.962962962962963,36.77777777777777,19.57804232851852,-4.277777777777777,96.77777777777777,77.70105820111112,38.03703703703704,30.37833333333333,30.046435185555556,29.700925925925926,10.0,7.613756613870369,0.16666666666666666,25.888888888888882,7.775132275333334,0.5137037037037037,10,32,4,0
110,IL,2010,MAR,77.66666666666669,44.09020310629629,21.22222222222222,54.14814814814815,34.694145759074075,12.722222222222223,96.88888888888889,72.43608124129629,22.42592592592593,30.41796296296296,29.952592592222224,29.42537037037037,10.0,8.498207885240742,0.0,28.666666666666668,8.07108721624074,1.6787037037037038,28,2,8,4
111,IL,2010,ARP,84.09259259259258,58.602518126851855,31.444444444444443,64.61111111111113,43.83644914777778,17.870370370370374,96.5925925925926,60.85179306259259,19.0,30.364259259259256,29.90807172166666,29.155740740740743,10.0,9.490505584981483,0.25925925925925924,34.333333333333336,9.139515970685185,1.9085185185185185,25,0,3,13
112,IL,2010,MAY,90.94444444444441,64.25096774222223,34.44444444444445,72.68518518518518,53.23885304722222,27.037037037037027,96.31481481481482,69.40317801666667,21.444444444444443,30.39648148148148,29.966534289074072,29.51333333333333,10.0,9.069008363296298,0.07407407407407407,30.981481481481485,7.8437275984074075,3.4814814814814814,39,0,4,27
113,IL,2010,JUN,90.74074074074075,74.52012603981483,55.75925925925927,77.75925925925927,65.40989655462961,41.3888888888889,96.25925925925927,74.53527178351852,32.111111111111114,30.27722222222222,29.94135527074074,29.587407407407404,10.0,9.186192160314814,0.0,32.2037037037037,5.890845531648147,4.185185185185185,41,0,6,36
114,IL,2010,JUL,92.9814814814815,77.27925129425927,54.42592592592592,79.29629629629629,67.51142970962964,40.64814814814814,98.22222222222223,73.28773396981481,30.27777777777778,30.347962962962963,29.989600556666662,29.712592592592596,10.166666666666666,9.26336121074074,0.2962962962962963,25.77777777777778,4.945798486703704,3.0961111111111115,33,0,4,27
115,IL,2010,AUG,95.68518518518519,76.90829208537038,52.92592592592593,80.57407407407408,66.30394549666667,46.01851851851851,98.44444444444444,71.9591141825926,26.055555555555557,30.238148148148152,29.979082039444442,29.735555555555557,10.555555555555555,8.920148489555555,0.0,25.055555555555557,4.40076235987037,1.5933333333333333,22,0,7,15
116,IL,2010,SEP,92.2037037037037,67.48936899833332,41.68518518518518,73.03703703703704,54.65706447148148,30.592592592592595,98.05555555555556,67.79526748814816,22.53703703703704,30.212777777777774,29.99261934074074,29.74592592592593,10.0,9.425445816222222,0.2222222222222222,28.0,6.533127571962963,2.0999999999999996,30,0,4,15
117,IL,2010,OCT,87.48148148148147,56.7574671437037,26.666666666666668,63.94444444444444,38.795698925370374,13.907407407407408,97.92592592592594,57.54540023870371,15.185185185185183,30.44240740740741,30.01949820611111,29.084814814814813,10.0,9.770609318907407,0.6851851851851852,34.611111111111114,6.98566308212963,0.8305555555555556,14,0,2,9
118,IL,2010,NOV,74.42592592592592,44.065157750000004,19.796296296296298,60.68518518518519,32.8077503438889,5.314814814814814,98.72222222222223,68.7836076812963,20.48148148148148,30.436666666666675,30.05361865537038,29.575925925925926,10.0,8.930178326425926,0.037037037037037035,29.407407407407405,8.744101508611111,1.8857407407407405,23,3,5,5
119,IL,2010,DEC,58.07407407407407,24.864790634814817,-0.3518518518518516,54.81481481481482,20.737439551851853,-5.814814814814815,98.24074074074075,82.23591341055554,45.333333333333336,30.52296296296296,30.101124923148145,29.51685185185185,10.0,7.48365904301852,0.0,31.48148148148148,8.36928799037037,1.175185185185185,11,34,9,3
120,IL,2011,JAN,43.98148148148149,23.382746737222227,-4.759259259259259,39.68518518518519,17.836579579999995,-10.0,98.88888888888891,78.47414553703705,40.20370370370371,30.58592592592593,30.071139613148148,29.451851851851853,10.0,7.509057547333334,0.0,26.333333333333332,8.005121867055557,0.24185185185185182,7,32,6,0
121,IL,2011,FEB,63.35185185185185,31.046516754074073,-5.9259259259259265,55.96296296296296,24.182760140555555,-12.5,98.01851851851853,76.6530717225926,33.42592592592593,30.581111111111113,30.05193734074074,29.478333333333328,10.0,8.429624730462963,0.07407407407407407,39.51851851851851,9.411253184425926,75.31203703703706,15,20,4,5
122,IL,2011,MAR,73.48148148148148,42.20643903722222,23.240740740740744,57.42592592592593,32.407250204444445,6.296296296296296,98.5,71.3221404775926,19.574074074074076,30.48277777777778,30.095121675370372,29.481666666666666,10.0,8.911431805333333,0.3333333333333333,33.944444444444436,9.293686726555556,1.1838888888888885,24,6,2,9
123,IL,2011,ARP,84.55555555555557,54.25824514907408,30.98148148148148,66.0925925925926,43.09175484981482,18.314814814814813,97.51851851851853,69.48589065203703,21.851851851851855,30.380370370370372,29.816958554629625,29.27259259259259,10.0,8.903350970037037,0.2962962962962963,36.888888888888886,10.817107584185186,3.711851851851852,39,0,3,21
124,IL,2011,MAY,90.46296296296298,63.16929510074075,34.57407407407407,71.12962962962962,52.932019115370366,27.962962962962962,98.07407407407408,71.40489844740742,28.72222222222222,30.416851851851852,29.895222221851853,29.480925925925924,10.0,8.966726403796295,0.05555555555555555,31.629629629629626,8.7289127835,3.0879629629629632,36,0,5,18
125,IL,2011,JUN,95.66666666666667,73.11054551962962,53.96296296296296,74.27777777777777,62.19959253074074,43.62962962962963,97.77777777777777,70.44372073185185,24.72222222222222,30.291481481481483,29.91901386537037,29.60388888888889,10.0,9.335513592388889,0.38888888888888884,31.462962962962965,7.361032050370371,4.372407407407407,37,0,3,29
126,IL,2011,JUL,97.09259259259258,79.89292197037038,60.72222222222222,80.55555555555556,69.4927372187037,54.25925925925927,97.42592592592592,71.9139084275926,34.14814814814814,30.147777777777776,29.961491009444444,29.78166666666667,10.0,8.859410473648147,0.2222222222222222,27.370370370370367,4.4770675195,1.830925925925926,22,0,4,18
127,IL,2011,AUG,95.14814814814814,74.77890304351853,53.907407407407405,78.87037037037038,63.42284995722223,46.70370370370371,97.37037037037037,69.90034244944444,29.215925925925927,30.109444444444446,29.928983958518522,28.931666666666665,10.0,9.141543956444444,0.0,24.555555555555557,4.147497338111111,1.3766666666666665,17,0,8,12
128,IL,2011,SEP,97.74074074074075,63.44149111777777,40.148148148148145,72.22222222222223,51.964739029444445,27.333333333333332,98.44444444444444,70.09579433,22.629629629629633,30.37462962962963,30.006289208333335,29.634259259259256,10.0,8.606174944703703,0.0,26.01851851851852,5.940954766962964,2.383703703703704,30,0,11,9
129,IL,2011,OCT,85.22222222222223,55.53285543648148,30.740740740740744,62.333333333333336,41.52270012018519,18.37037037037037,99.0,64.51493428925927,19.01851851851852,30.35574074074074,30.029874553148147,29.55351851851852,10.0,9.566905615351851,0.6851851851851851,28.055555555555557,6.514934288944445,1.2401851851851853,25,0,2,4
130,IL,2011,NOV,72.16666666666667,46.49647266259259,23.27777777777778,59.5,37.42129629629629,9.148148148148147,99.0,73.57363315685184,23.03703703703704,30.340555555555554,30.011722661666667,29.450000000000003,10.0,8.76772486775926,0.25925925925925924,34.22222222222222,11.110185185574073,3.2205555555555554,26,2,3,3
131,IL,2011,DEC,58.111111111111114,37.08741537277778,13.25925925925926,56.203703703703695,31.51225717907407,6.814814814814815,98.29629629629628,80.3848842864815,38.333333333333336,30.582222222222224,30.143999292777778,29.490000000000002,10.0,8.655382981481482,0.05555555555555555,27.462962962962965,7.908779149925926,2.1588888888888884,27,8,5,2
132,IL,2012,JAN,60.92592592592593,32.907209119444445,5.9444444444444455,53.629629629629626,25.14628073425926,-1.425925925925926,98.44444444444444,74.58652600962962,33.09259259259259,30.49370370370371,30.01752391944445,29.397777777777783,10.0,8.632488479259258,0.0,35.01851851851851,10.244425368592593,1.0501851851851853,15,21,6,3
133,IL,2012,FEB,62.388888888888886,36.1148056912963,13.074074074074076,56.40740740740742,28.26049078611111,0.9814814814814815,98.96296296296298,74.76240649555555,23.648148148148145,30.50611111111111,30.099198139259258,29.321111111111115,10.0,8.033570516296296,0.0,34.833333333333336,8.875889436425926,0.8442592592592593,24,16,12,3
134,IL,2012,MAR,83.37037037037038,56.08832067351852,20.425925925925924,64.62962962962963,43.599114559074074,11.222222222222221,97.48148148148147,66.42125628777778,21.51851851851852,30.545185185185183,30.007910165370365,29.30351851851852,10.0,9.311777251740741,0.12962962962962962,35.370370370370374,10.235155237111108,1.3562962962962963,27,4,6,18
135,IL,2012,ARP,84.85185185185186,55.14239319888889,28.462962962962965,65.18518518518519,40.71492451685185,13.296296296296298,97.11111111111111,61.60373481388889,16.537037037037038,30.374814814814815,29.988460225,29.544259259259256,10.0,9.323407669314816,0.6481481481481481,32.09259259259259,9.120525919648149,2.6887037037037036,33,0,2,19
136,IL,2012,MAY,94.12962962962963,68.34468339333334,44.092592592592595,71.44444444444444,52.21109875185185,27.259259259259256,97.90740740740742,59.557121081296295,16.74074074074074,30.24092592592592,29.965561322222225,29.597037037037037,10.0,9.497692909907409,0.2962962962962963,30.129629629629626,7.491513204166667,2.1033333333333335,25,0,3,19
137,IL,2012,JUN,100.14814814814814,72.64135802407408,46.870370370370374,76.59259259259258,56.8802469137037,37.333333333333336,97.09259259259258,59.38580246925926,20.53703703703704,30.182037037037034,29.95504320925926,29.72740740740741,10.0,9.867283950555555,0.8888888888888888,26.88888888888889,6.366666666814814,0.9894444444444443,19,0,0,10
138,IL,2012,JUL,102.96296296296295,81.15800477833335,59.59259259259258,77.6111111111111,66.18445980481481,49.42592592592593,96.68518518518519,62.940305513703706,24.12962962962963,30.147777777777776,29.971737070740737,29.658333333333335,10.0,9.735748421074074,1.0185185185185184,24.796296296296298,4.849462365611112,0.8898148148148147,20,0,0,17
139,IL,2012,AUG,97.22222222222224,73.33753365648148,49.31481481481482,75.61111111111111,59.27617117092593,40.27777777777778,98.44444444444447,65.24823766833333,20.27777777777778,30.16796296296296,29.98258130722222,29.747777777777774,10.0,9.5179109355,0.24074074074074073,27.240740740740744,4.460864503888889,2.7887037037037032,26,0,4,16
140,IL,2012,SEP,91.46296296296298,64.70925925999998,34.37037037037037,74.5925925925926,53.38535547037038,25.814814814814813,98.59259259259258,70.83043848499999,21.09259259259259,30.362222222222222,30.022929969444437,29.703888888888887,10.0,9.16502767138889,0.0,27.29629629629629,5.639889314722223,3.9527777777777775,28,0,8,12
141,IL,2012,OCT,80.24074074074073,52.395459975370365,29.166666666666668,65.85185185185186,42.34587813537038,17.74074074074074,98.42592592592592,71.00955794592592,26.148148148148152,30.40555555555555,29.981296297777774,29.340185185185184,10.0,9.507168458777777,0.37037037037037035,31.203703703703702,9.002389486185187,3.088333333333333,33,0,2,14
142,IL,2012,NOV,71.74074074074075,41.53131829074075,17.851851851851855,55.94444444444444,32.71053403388889,13.24074074074074,99.16666666666669,72.67354193277778,31.148148148148145,30.542037037037037,30.17956901296296,29.778518518518517,10.0,8.74505463325926,0.0,33.20370370370371,6.663208930518518,1.0068518518518519,16,2,7,4
143,IL,2012,DEC,70.2037037037037,36.88093626129629,8.61111111111111,60.96296296296296,31.935190874074074,5.500000000000001,99.07407407407408,81.74816900962963,39.48148148148149,30.436851851851852,29.99685629,29.158703703703704,10.0,8.077449697629628,0.0,37.77777777777777,8.954365553740741,1.8716666666666666,26,12,9,4
144,IL,2013,JAN,63.57407407407408,28.927917164444448,3.074074074074074,59.48148148148149,22.537992831481482,-6.25925925925926,98.96296296296295,75.87753882888889,36.75925925925926,30.622407407407408,30.15085025888889,29.310000000000002,10.0,8.86861808051852,0.037037037037037035,32.03703703703704,9.620230983666666,2.9075925925925925,21,17,6,4
145,IL,2013,FEB,55.68518518518519,30.154656083888888,3.777777777777777,47.981481481481474,23.976693121666667,-3.5,98.87037037037038,77.7439682537037,39.96296296296296,30.453888888888894,30.008933597592588,29.36740740740741,10.0,8.541693121740742,0.0,32.648148148148145,10.00526455001852,1.9507407407407409,18,26,2,4
146,IL,2013,MAR,61.70370370370371,34.719235365185185,13.203703703703702,50.03703703703704,26.82556750277778,5.185185185185186,98.88888888888889,74.25806451592592,31.296296296296298,30.461666666666662,30.066123059444447,29.53648148148148,10.0,8.611111111129631,0.0,29.962962962962965,9.152329749351852,1.7168518518518519,24,26,6,4
147,IL,2013,ARP,83.44444444444444,50.53861454185184,23.537037037037035,65.48148148148147,39.664746226851854,10.296296296296296,98.62962962962963,68.66693415703702,21.09259259259259,30.470555555555556,29.999655384444445,29.513333333333335,10.0,9.208871742129631,0.3333333333333333,33.72222222222222,10.057451988851852,5.860185185185184,35,1,2,19
148,IL,2013,MAY,90.01851851851855,64.24074074074075,36.111111111111114,72.2037037037037,53.69474313055556,23.88888888888889,97.96296296296298,70.95101553185185,21.90740740740741,30.422222222222224,29.970908004074076,29.66148148148148,10.0,9.260454002444446,0.18518518518518517,31.68518518518518,8.237753882703705,5.86962962962963,46,0,3,27
149,IL,2013,JUN,93.09259259259258,71.77301587259258,48.203703703703695,76.14814814814814,61.65854577574074,43.42592592592593,97.83333333333333,72.65315856851852,30.833333333333332,30.15981481481481,29.93063115296296,29.62111111111111,10.0,9.483541766796296,0.2222222222222222,31.129629629629633,6.573007856296297,3.660555555555556,39,0,4,26
150,IL,2013,JUL,94.05555555555553,73.05495818425926,49.0,77.27777777777777,64.22222222203703,45.05555555555556,97.57407407407408,74.35663082537037,32.833333333333336,30.340555555555554,30.041654719814815,29.757592592592598,10.0,9.234169653518515,0.05555555555555555,24.055555555555557,4.7096774193333335,2.5166666666666666,30,0,7,14
151,IL,2013,AUG,96.68518518518519,72.90638148685186,49.81481481481482,78.01851851851852,63.87628348351851,45.77777777777778,97.83333333333333,75.0893849675926,34.74074074074073,30.275000000000002,30.054275449074073,29.748703703703704,10.0,8.9446219245,0.0,21.629629629629626,3.7130755112407408,1.4903703703703701,18,0,9,11
152,IL,2013,SEP,94.98148148148147,68.6191358025926,43.44444444444444,74.44444444444444,57.89259259166667,37.25925925925925,97.5,72.01049382629631,27.444444444444446,30.297592592592594,30.016685186111115,29.767407407407404,10.0,9.274691357944443,0.37037037037037035,22.537037037037035,5.132716049444444,1.0601851851851853,21,0,7,9
153,IL,2013,OCT,86.25925925925928,54.60581669425926,24.129629629629626,71.5925925925926,45.56638175796296,20.462962962962965,98.22222222222223,73.75650806888889,23.333333333333332,30.474999999999998,30.030396089629633,28.6212962962963,10.0,9.062059559666666,0.0,24.92592592592593,6.540235389037037,3.2192592592592586,35,1,7,8
154,IL,2013,NOV,72.27777777777777,38.63333333259259,11.037037037037036,64.07407407407408,30.34341563814815,3.074074074074074,98.22222222222223,72.29506172833334,28.648148148148145,30.765555555555554,30.203788065370368,29.29314814814815,10.0,9.453909464962964,0.27777777777777773,36.77777777777778,9.155144031851853,1.1968518518518518,24,6,2,5
155,IL,2013,DEC,59.388888888888886,26.20394265111111,-2.2962962962962963,56.1111111111111,21.291338112037035,-8.277777777777779,99.07407407407406,79.42104739166668,40.96296296296296,30.70888888888889,30.126199919814812,29.495925925925924,10.0,7.984050179240741,0.0,25.944444444444443,8.26999203514815,1.6974074074074073,16,31,9,0
156,IL,2014,JAN,49.62962962962964,19.754998008518516,-12.722222222222221,41.05555555555556,12.590245994444446,-24.74074074074074,99.61111111111111,73.01737278944445,30.166666666666668,30.694074074074074,30.04904448037037,29.472962962962963,10.0,8.45484177312963,0.0,36.48148148148149,11.736736819370371,0.8916666666666665,15,43,6,1
157,IL,2014,FEB,55.51851851851851,18.93258867388889,-13.314814814814817,52.31481481481482,12.391877327166666,-21.01851851851852,99.0,73.94878012888888,34.18518518518519,30.579444444444448,30.120922251851855,29.26425925925926,10.0,8.736160102037037,0.05555555555555555,36.48148148148148,8.48821771546296,1.479814814814815,9,32,4,5
158,IL,2014,MAR,69.48148148148147,35.01720903222222,-0.9814814814814815,51.77777777777778,25.510671358888885,-10.222222222222221,98.61111111111111,70.10855591777778,29.185185185185187,30.508518518518517,30.067656594629625,29.437407407407406,10.0,8.982821791055555,0.3703703703703704,33.75925925925926,9.396905112166667,1.0203703703703704,17,14,1,7
159,IL,2014,ARP,80.01851851851852,52.454848810740735,27.851851851851855,63.611111111111114,39.6130792625926,17.166666666666668,98.90740740740742,64.93932128611112,18.907407407407405,30.346111111111107,29.932828055925924,29.40462962962963,10.0,9.421560207537038,0.4074074074074074,32.851851851851855,9.51340132337037,3.7524074074074067,37,2,3,16
160,IL,2014,MAY,88.59259259259261,64.0720450701852,36.01851851851852,70.98148148148147,51.93324887703704,26.03703703703704,98.77777777777777,67.08814045777778,25.203703703703702,30.284259259259258,29.98321270425926,29.709814814814813,10.0,9.606474958462963,0.5925925925925926,29.944444444444443,8.126101017333333,2.7403703703703703,38,0,2,21
161,IL,2014,JUN,91.2962962962963,73.22238432,50.46296296296296,77.62962962962962,64.13745292537037,42.53703703703704,99.2962962962963,75.31166945074074,30.629629629629626,30.119629629629628,29.93417896407407,29.659814814814816,10.0,9.139126305722222,0.05555555555555555,29.685185185185187,7.161219176703702,5.297962962962964,43,0,6,26
162,IL,2014,JUL,92.0,69.8539426522222,50.703703703703695,77.44444444444444,60.88254181574074,47.66666666666666,99.07407407407408,74.24970131444444,35.907407407407405,30.32,30.02298163037037,29.682777777777776,10.0,9.405092592592592,0.0,27.703703703703702,5.279047192370371,1.961666666666667,29,0,6,17
163,IL,2014,AUG,92.62962962962963,73.61947431259259,51.296296296296305,79.64814814814814,66.55495818555556,48.68518518518518,99.2962962962963,81.12425328555555,37.5,30.186851851851852,29.994032257592593,29.756481481481483,10.0,8.299283154092592,0.0,24.759259259259256,4.490442054907408,3.677777777777778,38,0,15,25
164,IL,2014,SEP,91.5185185185185,64.43025910314815,39.37037037037036,75.92592592592592,55.915897109259255,37.74074074074074,98.87037037037037,76.91009995203704,30.759259259259263,30.38259259259259,30.087597378703702,29.62296296296296,10.0,9.076272136092593,0.0,26.22222222222222,4.954183813518519,3.364629629629629,25,0,10,15
165,IL,2014,OCT,81.2037037037037,53.79318996425926,30.444444444444443,67.74074074074073,45.205017920925926,20.351851851851855,99.11111111111111,74.82520907962963,23.814814814814813,30.379259259259257,29.95107228166667,29.455740740740744,10.0,9.116845878222223,0.0,30.314814814814813,6.855495818277778,3.3088888888888888,37,1,8,10
166,IL,2014,NOV,66.85185185185186,34.797965750925925,7.648148148148149,55.833333333333336,27.227484586296292,1.3703703703703705,99.2962962962963,73.73504348907409,27.055555555555557,30.49185185185185,30.081815358148145,29.148148148148152,10.0,9.095042132037037,0.09259259259259259,31.185185185185194,9.912633593555555,1.3975925925925925,20,21,3,0
167,IL,2014,DEC,53.481481481481474,33.246714457222225,7.648148148148149,48.666666666666664,29.05973715703704,-0.8148148148148148,99.2962962962963,83.53405017962963,40.59259259259259,30.715,30.199504180185183,29.522407407407414,10.0,7.902031063296296,0.0,25.888888888888896,7.660095579666668,1.3588888888888888,23,6,9,0
168,IL,2015,JAN,48.12962962962964,25.780127439074075,-5.37037037037037,40.888888888888886,20.528036638148148,-11.777777777777779,99.40740740740739,79.09506172833332,43.092592592592595,30.881481481481483,30.19044205425926,29.594629629629626,10.0,8.447152528907408,0.18518518518518517,30.462962962962965,8.212465153666667,1.0333333333333334,19,27,6,0
169,IL,2015,FEB,50.57407407407408,18.47461334874074,-9.703703703703702,42.53703703703704,12.242368742962963,-15.703703703703702,99.03703703703705,73.3889906387037,37.166666666666664,30.76537037037037,30.201057183333333,29.60111111111111,10.0,8.757478632500002,0.0,32.2037037037037,9.027269027518518,0.642962962962963,4,32,2,0
170,IL,2015,MAR,75.11111111111113,38.54113898833334,-1.8703703703703702,52.98148148148149,29.482118677037036,-6.777777777777778,99.42592592592592,72.214814815,25.42592592592593,30.60092592592592,30.166115492222218,29.731111111111108,10.0,8.57096774187037,0.0,27.092592592592588,7.713540421796296,1.4320370370370368,23,7,11,2
171,IL,2015,ARP,79.85185185185186,53.98148148111111,27.629629629629633,66.24074074074075,40.145679012592595,15.166666666666666,99.51851851851853,62.623456789074076,18.666666666666668,30.368518518518517,29.962135802407406,29.362962962962968,10.0,9.254320987648148,0.0,35.425925925925924,8.822839505314814,2.3872222222222224,32,0,5,15
172,IL,2015,MAY,85.37037037037037,64.85483870981481,34.40740740740741,70.59259259259258,53.96654719111112,30.944444444444443,98.94444444444444,70.62305854222222,23.51851851851852,30.45259259259259,30.07323178,29.820370370370362,10.0,9.405615292740741,0.07407407407407407,29.98148148148148,8.442054958666667,4.0707407407407405,43,0,4,19
173,IL,2015,JUN,93.24074074074075,71.94448701555555,49.05555555555556,76.46296296296298,64.34942528740741,45.68518518518519,99.11111111111111,78.73475947222221,35.79629629629629,30.227592592592593,29.954302469814813,29.69648148148148,10.0,9.07988505737037,0.0,30.148148148148152,6.450404427666665,6.570925925925927,44,0,5,33
174,IL,2015,JUL,91.92592592592594,73.71565113611112,55.46296296296296,80.48148148148148,66.58841099129629,51.96296296296296,98.7962962962963,78.98446833870369,36.92592592592592,30.172777777777778,29.956983274444447,29.625,10.0,8.86678614101852,0.037037037037037035,23.98148148148148,4.752688171981482,3.427592592592592,33,0,6,19
175,IL,2015,AUG,90.07407407407406,71.26386755240742,49.166666666666664,75.14814814814815,63.07100187796296,45.64814814814815,99.2962962962963,76.76762246166666,35.44444444444444,30.21462962962963,30.00732889648148,29.688888888888886,10.0,9.226062468166667,0.037037037037037035,22.83333333333333,4.504352278555555,2.072407407407407,22,0,9,15
176,IL,2015,SEP,93.42592592592592,69.88173691055555,43.407407407407405,73.92592592592592,59.11238825000001,38.61111111111111,99.4074074074074,72.51145168092593,27.5,30.270925925925926,30.054857810925924,29.75240740740741,10.0,9.344167730925927,0.2962962962962963,23.88888888888889,5.173669646574075,2.8924074074074073,23,0,4,14
177,IL,2015,OCT,81.05555555555556,55.942799682222216,27.518518518518515,64.18518518518519,44.09629629611111,18.51851851851852,99.33333333333333,68.18569494259259,20.296296296296294,30.54648148148148,30.08155850240741,29.50907407407407,10.0,9.276427718074075,0.0,26.94444444444445,7.963584229148148,1.22962962962963,22,0,5,6
178,IL,2015,NOV,72.03703703703704,46.06666666703703,11.648148148148147,63.42592592592593,38.36975308611111,6.981481481481482,99.55555555555556,76.1950617287037,27.518518518518515,30.470185185185187,30.103777777222223,29.382962962962964,10.0,8.779012345722222,0.0,35.148148148148145,9.274074074074074,3.4494444444444445,31,4,10,4
179,IL,2015,DEC,66.29629629629632,40.92437275944445,18.777777777777782,62.85185185185185,36.52787734037037,12.555555555555555,99.81481481481484,84.73775388333334,42.129629629629626,30.637777777777778,29.991582238148144,29.161666666666665,10.0,8.176782158333333,0.0,35.166666666666664,10.097610514000001,4.992777777777778,30,8,15,10
180,IL,2016,JAN,57.000000000000014,27.402058376851855,0.37037037037037035,50.000000000000014,22.041909391481482,-6.888888888888888,99.77777777777777,78.83253226074072,48.703703703703695,30.563333333333333,30.061646800185184,29.433703703703706,10.0,9.124559982037036,0.037037037037037035,29.31481481481482,9.436011510574074,5.322592592592594,12,20,5,0
181,IL,2016,FEB,68.24074074074075,33.34546615537037,2.6481481481481484,55.01851851851852,25.957215835925926,-7.074074074074074,99.4814814814815,75.13346104777777,29.966666666666672,30.655370370370374,30.040223498703703,27.967037037037038,10.0,8.648786717722222,0.0,37.27777777777778,9.75095785375926,0.6527777777777777,13,19,9,4
182,IL,2016,MAR,74.29629629629629,47.24253285462962,17.444444444444443,61.888888888888886,39.00955794370371,11.037037037037036,99.55555555555556,74.73058542481482,27.629629629629633,30.367037037037036,29.967670251296298,29.36629629629629,10.0,9.01493428927778,0.0,34.2037037037037,9.237156511555556,2.7546296296296293,39,5,6,11
183,IL,2016,ARP,82.85185185185185,52.95379188592593,25.407407407407405,64.05555555555556,41.817283950555556,13.629629629629628,99.59259259259261,68.12663139222222,22.33333333333333,30.457592592592594,30.01619576648148,29.58092592592593,10.0,9.160934744296297,0.07407407407407407,38.75925925925925,8.851675485129629,15.957592592592594,33,1,5,15
184,IL,2016,MAY,87.2037037037037,62.18263640037037,37.592592592592595,70.98148148148147,51.5812823575926,27.870370370370367,99.62962962962963,71.10175228962963,25.055555555555557,30.26351851851852,30.00555117388889,28.945555555555554,10.0,9.367662285907407,0.0,29.648148148148145,7.089008363111112,14.624444444444443,43,0,6,23
185,IL,2016,JUN,93.87037037037038,74.26180719277778,50.40740740740742,77.16666666666667,62.349405025925925,41.51851851851851,99.2962962962963,67.81381786925925,26.240740740740744,30.24240740740741,29.984047198333332,29.69111111111111,10.0,9.70687383337037,0.6481481481481483,25.48148148148148,5.489703883833333,2.3198148148148143,22,0,2,14
186,IL,2016,JUL,95.16666666666667,75.24379009240741,55.72222222222222,81.33333333333331,69.09934932462963,51.0,99.66666666666667,82.63719694925926,41.92629629629631,30.256481481481483,30.000352321481483,28.747592592592596,10.0,8.971366602388889,0.0,29.68518518518518,4.486734675203704,5.676296296296297,39,0,13,34
187,IL,2016,AUG,90.83333333333336,75.06382743574073,53.92592592592593,79.11111111111111,69.36396338851851,52.18518518518518,99.62962962962962,83.94251569,46.42592592592593,30.249444444444446,30.027826095555554,29.69314814814815,10.0,8.93103860251852,0.0,23.462962962962962,3.9239175215,5.5683333333333325,37,0,11,27
188,IL,2016,SEP,94.88888888888889,70.7625220459259,48.35185185185185,77.46296296296296,61.9515873024074,34.77777777777778,99.70370370370371,77.66031746074074,25.388888888888882,30.27388888888889,30.065973545185184,29.763148148148154,10.0,9.216402116388887,0.037037037037037035,22.333333333333332,5.38677248688889,2.7546296296296293,28,0,8,14
189,IL,2016,OCT,85.88888888888889,59.673877794444444,33.87037037037037,69.11111111111111,51.67153097870371,32.50000000000001,99.81481481481484,76.92404847222221,32.18518518518518,30.42611111111111,30.100851254259258,29.562592592592594,10.0,9.376557433129628,0.07407407407407407,27.592592592592595,6.786482334296297,1.6512962962962963,24,0,4,13
190,IL,2016,NOV,79.05555555555554,47.31366843037037,21.259259259259256,64.37037037037038,39.935185184999995,17.222222222222225,99.96296296296298,77.17283950407408,35.44444444444445,30.497037037037032,30.11713932833333,29.205185185185186,10.0,9.123985890685187,0.0,30.018518518518515,7.213668430388888,2.0812962962962964,21,0,8,5
191,IL,2016,DEC,58.42592592592593,28.814355298518517,-3.888888888888888,56.888888888888886,23.170526605555555,-8.648148148148147,99.92592592592592,78.66726403888889,42.27777777777778,30.785925925925923,30.172699660000003,29.59185185185185,10.185185185185183,8.591259994462964,0.0,27.870370370370367,8.82653248825926,0.9303703703703703,18,21,9,1
