,Unnamed: 0,STATE,YEAR,MONTH,TMP_HIGH,TMP_AVG,TMP_LOW,DP_HIGH,DP_AVG,DP_LOW,HUM_HIGH,HUM_AVG,HUM_LOW,SEALVL_HIGH,SEALVL_AVG,SEALVL_LOW,VIS_HIGH,VIS_AVG,VIS_LOW,WIND_HIGH,WIND_AVG,PRECIP,NUMDAY_RAIN,NUM_DAYS_SNOW,NUM_DAYS_FOG,NUM_DAYS_THNDRSTRM,Price
0,0,IL,2001,JAN,71.62962962962962,54.652655407407416,34.01851851851851,63.5,49.05016509166667,30.796296296296298,98.1851851851852,80.97971651999998,44.92592592592593,30.399629629629636,30.04813545333333,29.60777777777778,10.444444444444443,7.6463895225,0.7962962962962963,23.38888888888889,6.185709785888889,0.6712962962962963,4,5,3,0,1.97
1,1,IL,2001,FEB,81.37037037037034,56.923657485555566,27.555555555555557,68.07407407407408,48.77020333925926,17.51851851851852,97.75925925925928,75.16754421370369,28.98074074074074,30.39907407407407,30.077294388148147,27.456851851851848,10.444444444444443,8.260594471629629,0.0,26.14814814814815,6.729625787962962,1.0796296296296295,5,5,3,2,2.0
2,2,IL,2001,MAR,78.98148148148148,54.8881397714815,28.59259259259259,65.14814814814815,44.41004211888888,17.962962962962965,98.44444444444444,70.68910586574074,24.259259259259252,30.412407407407407,30.052846112037038,29.57037037037037,10.444444444444443,8.726395093240741,0.1111111111111111,27.240740740740733,7.0656991011296295,0.9311111111111112,9,2,1,2,2.0
3,3,IL,2001,ARP,82.53703703703705,55.42124279333333,27.11111111111111,67.55555555555556,43.500809920740735,17.870370370370367,98.72222222222223,67.25809916166668,22.79629629629629,30.477592592592593,30.048008272037038,29.44333333333333,10.444444444444443,9.119620588481485,0.4074074074074074,32.07407407407407,8.908652283833334,1.8044444444444447,12,1,1,9,1.86
4,4,IL,2001,MAY,79.64814814814814,53.92050666740741,26.87037037037037,63.555555555555564,42.912003219814814,15.333333333333336,97.62962962962965,68.93719771,23.40740740740741,30.390555555555554,30.02494593166667,29.460185185185185,11.0,8.800737273148151,0.14814814814814814,33.64814814814815,8.241042172925924,1.5735185185185183,19,2,3,7,1.83
5,5,IL,2001,JUN,78.48148148148148,52.7427581025926,22.462962962962965,64.51851851851853,44.10617825925926,15.703703703703706,99.27777777777777,73.76531465296296,30.68518518518519,30.355555555555554,30.038023244629635,29.57037037037037,11.0,8.233984548462963,0.037037037037037035,30.518518518518515,7.494410243037037,1.6035185185185183,14,5,3,5,1.95
6,6,IL,2001,JUL,91.95238095238096,68.72296466928572,42.285714285714285,76.61904761904759,59.794316437380935,32.238095238095234,99.71428571428572,74.91474654452381,32.142857142857146,30.295238095238094,30.00906144333333,29.758809523809525,11.0,8.032027649714285,0.0,27.095238095238106,6.017818740357143,1.8452380952380951,10,4,2,8,1.99
7,7,IL,2001,AUG,94.14285714285714,73.22534562285712,29.57142857142857,78.42857142857143,65.10675883285714,26.285714285714285,100.0,75.95837173571428,35.142857142857146,30.26142857142857,30.018760365714282,29.71142857142857,11.0,7.877419354857143,0.0,25.142857142857146,5.075115207428572,3.2014285714285715,7,0,3,5,1.94
8,8,IL,2001,SEP,89.0,64.07126436714286,36.285714285714285,73.0,53.57175697714285,26.285714285714285,96.28571428571428,71.87701149285716,26.0,30.388571428571424,30.069448275714283,29.635714285714283,11.0,8.610180624,0.14285714285714285,26.285714285714285,6.323481116428571,1.4885714285714289,6,0,3,2,1.85
9,9,IL,2001,OCT,84.0,53.721277608571434,27.285714285714285,65.71428571428571,42.29175274,19.571428571428573,96.14285714285714,68.00730971142858,25.0,30.535714285714285,30.051910060000004,29.338571428571424,11.0,8.849197521142857,0.0,33.57142857142857,9.025425076571427,2.652857142857143,7,0,1,2,1.91
10,10,IL,2001,NOV,73.57142857142857,49.76666666714285,24.714285714285715,59.85714285714285,39.03809523714286,19.571428571428573,96.0,69.65238095571429,24.0,30.49,30.110428572857145,29.307142857142853,11.0,8.547619047571429,0.0,38.142857142857146,9.090476191428571,1.3742857142857143,6,0,1,1,2.06
11,11,IL,2001,DEC,66.85714285714286,35.124270352857145,7.0,58.0,28.78540706571428,1.2857142857142858,96.0,78.05422427,36.714285714285715,30.37142857142857,30.057115205714286,29.632857142857148,11.0,7.895084485285714,0.0,29.142857142857146,9.38264209,1.374285714285714,5,5,4,0,1.92
12,12,IL,2002,JAN,63.53703703703704,33.89053681055556,5.351851851851851,52.48148148148147,25.42701767537037,-1.4814814814814816,96.79629629629629,73.6169818312963,27.166666666666664,30.44814814814815,30.020150784814817,29.59685185185185,10.444444444444443,8.604437028814813,0.14814814814814814,26.759259259259267,8.80958266425926,1.157037037037037,11,14,3,1,2.01
13,13,IL,2002,FEB,61.75925925925925,34.51388888796296,7.888888888888888,51.42592592592593,25.75132275222223,2.6296296296296293,96.75925925925928,72.36706349222223,32.47740740740741,30.547407407407412,30.101223544814815,28.666481481481487,10.444444444444443,8.769841269962964,0.07407407407407407,31.203703703703702,10.444444444555554,0.8829629629629631,10,13,3,1,1.98
14,14,IL,2002,MAR,68.77777777777777,38.00485862129629,-0.629629629629629,56.07407407407407,29.087335723703703,-7.833333333333332,95.88888888888887,72.86176822037038,23.14814814814814,30.605,30.079750697037028,29.51759259259259,10.444444444444443,8.096734368648148,0.0,40.259259259259245,10.406332138333333,1.7444444444444445,24,16,6,8,1.98
15,15,IL,2002,ARP,87.5925925925926,53.609523808888895,23.18518518518519,67.77777777777777,42.88950617277778,16.01851851851852,96.92592592592594,70.16340388,25.037037037037035,30.488148148148145,30.054674603148147,29.472592592592587,10.444444444444443,8.595943562611113,0.0925925925925926,40.22222222222222,9.671516755166667,2.70462962962963,27,2,2,13,2.0
16,16,IL,2002,MAY,90.1851851851852,59.4256134537037,33.77777777777778,69.94444444444444,48.766142818148154,20.740740740740744,97.85185185185186,70.27036577629629,22.240740740740748,30.460740740740746,30.02676955351852,29.44981481481481,10.444444444444443,8.970131421666666,0.4074074074074074,31.5,8.375273412462963,3.7181481481481486,35,0,1,24,2.05
17,17,IL,2002,JUN,92.96296296296295,74.00859088944443,51.72222222222222,75.2962962962963,61.88340144777778,39.64814814814815,97.14814814814814,68.32937845870372,25.796296296296298,30.35092592592592,29.98961754,29.735370370370372,10.444444444444443,8.619744572203707,0.0925925925925926,26.444444444444446,6.026424010185185,2.0612962962962964,26,0,2,20,2.24
18,18,IL,2002,JUL,95.55555555555556,77.71445639092595,55.37037037037037,78.0925925925926,66.30465949962962,38.55555555555555,96.55555555555556,69.50776583074074,24.574074074074076,30.24666666666667,30.03256272462963,29.78,10.444444444444443,8.584826762185186,0.5185185185185186,24.722222222222218,4.961768219851852,1.6946296296296297,18,0,1,14,2.47
19,19,IL,2002,AUG,93.44444444444444,74.1989247312963,54.2037037037037,78.55555555555556,65.44444444462962,46.53703703703704,98.07407407407408,76.18817204277778,32.611111111111114,30.28444444444445,30.057198327037035,29.810370370370368,10.444444444444443,8.176224611851849,0.07407407407407407,24.61111111111111,5.498207885407409,2.636296296296296,20,0,7,20,2.5
20,20,IL,2002,SEP,91.75925925925924,68.69259259222221,39.14814814814815,72.90740740740742,56.59074074092593,31.296296296296298,98.29629629629629,69.54753086314814,21.203703703703702,30.361296296296292,30.023234567407414,29.60314814814815,10.444444444444443,8.43703703714815,0.14814814814814814,22.148148148148145,4.920370370425925,1.3498148148148148,15,0,5,7,2.36
21,21,IL,2002,OCT,85.59259259259258,51.386499402407395,27.648148148148145,70.2037037037037,42.11947431351852,17.777777777777782,98.62962962962965,74.01911589000002,24.462962962962962,30.48074074074074,30.086720431296296,29.51277777777777,10.444444444444443,8.175627240148149,0.0,28.90740740740741,6.591397849407407,1.6975925925925928,28,0,4,3,2.33
22,22,IL,2002,NOV,66.48148148148148,39.37617691000001,15.962962962962964,60.16666666666666,31.406105006666664,9.074074074074074,98.85185185185186,74.61868810222221,32.01851851851851,30.435,30.02848582333333,29.307592592592588,10.444444444444443,8.474664224666666,0.4814814814814815,30.31481481481481,8.659177859648148,0.44740740740740736,18,7,1,1,2.37
23,23,IL,2002,DEC,60.0925925925926,32.31632311351852,6.777777777777778,55.01851851851853,24.42330702481481,-0.05555555555555548,98.37037037037037,74.59556430518518,25.35185185185185,30.598888888888887,30.04590197851852,29.49833333333333,10.444444444444443,7.9600178525,0.0,31.222222222222218,9.214232627444444,1.2511111111111108,8,12,6,2,1.96
24,24,IL,2003,JAN,57.59259259259258,22.629988051296298,-8.518518518518517,39.57407407407407,13.931581042629633,-17.092592592592595,98.51851851851852,69.87992831555556,25.907407407407412,30.639259259259266,30.16603902888889,29.498703703703704,10.444444444444443,8.595021903555555,0.07407407407407407,27.407407407407412,9.344364794574076,0.2274074074074074,6,26,2,0,2.37
25,25,IL,2003,FEB,53.77777777777778,26.149128648888887,-0.6111111111111112,49.49999999999999,19.227365228703704,-6.203703703703702,98.77777777777777,75.6337042588889,28.944444444444446,30.577592592592588,30.06101801,29.33962962962963,10.444444444444443,7.714780589907408,0.0,31.481481481481477,9.327260702407408,0.7533333333333333,8,23,6,1,2.35
26,26,IL,2003,MAR,74.92592592592592,41.37817887074074,9.555555555555555,58.20370370370371,32.47290493203704,-3.907407407407407,99.29629629629629,73.78806110314815,24.79629629629629,30.39481481481481,29.94040279981482,29.472222222222218,10.444444444444443,7.595195425740742,0.0,29.33333333333333,8.678102065629629,1.4716666666666665,23,13,9,8,2.36
27,27,IL,2003,ARP,84.24074074074073,53.45185185166666,28.055555555555557,64.35185185185186,40.37839506148149,18.259259259259263,99.07407407407408,65.75555555518517,16.314814814814813,30.331296296296298,29.95403086481481,29.50648148148148,10.555555555555557,8.742592592629629,0.4259259259259259,31.61111111111111,10.07592592574074,1.9783333333333335,27,1,1,10,2.43
28,28,IL,2003,MAY,84.44444444444444,60.55177773388888,37.185185185185176,72.24074074074073,50.97132379462963,26.68518518518519,98.51851851851852,73.12322922037036,24.962962962962965,30.35351851851853,29.9256724537037,29.38333333333333,10.444444444444443,8.488433432499997,0.35185185185185186,34.407407407407405,8.605089985129629,2.8466666666666667,36,0,2,24,2.39
29,29,IL,2003,JUN,91.14814814814814,67.25982905962964,40.48148148148149,71.68518518518519,56.4887667888889,27.148148148148145,99.1851851851852,70.23182064703705,25.0,30.184259259259267,29.946356600555557,29.671481481481482,10.444444444444443,8.567304300629631,0.037037037037037035,25.962962962962965,6.111396011444444,1.9366666666666663,25,0,6,13,2.2
30,30,IL,2003,JUL,92.92592592592594,73.75240020796295,53.42592592592593,78.09259259259258,65.25464265000001,50.611111111111114,98.74074074074076,75.12779462666666,38.259259259259274,30.203148148148152,29.98367833851852,29.659814814814826,10.166666666666666,8.861394479611109,0.1111111111111111,28.33333333333333,5.741880341944445,2.205,23,0,4,25,2.16
31,31,IL,2003,AUG,96.48148148148148,74.72520908055554,55.79629629629629,76.46296296296295,65.2903225811111,47.77777777777778,98.29629629629629,74.28315412148146,29.055555555555557,30.365370370370368,30.040316607222227,29.849074074074068,10.166666666666666,7.726403823185186,0.0,22.38888888888889,4.783154121925926,2.052962962962963,23,0,10,20,2.18
32,32,IL,2003,SEP,86.25925925925927,63.90867272055554,35.592592592592595,70.85185185185186,52.462340948148146,25.962962962962965,96.85185185185186,69.42226952537037,24.38888888888888,30.363703703703703,30.04763135685185,29.58203703703704,10.444444444444443,8.471105907999997,0.0,22.87037037037037,5.6322879712962965,2.2387037037037043,23,0,6,10,2.13
33,33,IL,2003,OCT,84.24074074074075,54.894822780555565,27.68518518518518,64.01851851851853,42.92118677740741,13.407407407407408,97.03703703703705,67.40923934666667,21.185185185185187,30.387962962962963,29.998137395,29.51537037037037,10.611111111111109,9.023576264574077,0.0,28.88888888888889,6.560573476592594,1.3574074074074076,20,0,6,10,2.21
34,34,IL,2003,NOV,76.05555555555554,44.88589065222222,20.925925925925924,63.314814814814824,37.671781305740744,12.981481481481481,98.5925925925926,76.57451499092595,29.722222222222207,30.669814814814817,30.058978836111113,29.488148148148145,10.444444444444443,7.825925925888888,0.0,36.018518518518526,9.407760140907406,2.306666666666666,29,5,9,6,2.34
35,35,IL,2003,DEC,54.851851851851855,33.95974235037036,10.518518518518515,51.111111111111114,27.25074022166667,4.796296296296297,98.51851851851852,77.58695652055556,27.425925925925927,30.585185185185185,30.06423822185185,29.34814814814815,10.444444444444443,8.381876266222221,0.16666666666666666,33.259259259259274,9.869565216462963,1.5055555555555555,20,21,3,2,2.4
36,36,IL,2004,JAN,63.18518518518518,26.46370256592592,-5.37037037037037,59.277777777777786,19.34512589185185,-11.24074074074074,98.40740740740742,75.39833937055556,35.35185185185185,30.547777777777767,30.115455805000003,29.593148148148156,10.166666666666666,8.50783220496296,0.4444444444444444,26.518518518518515,9.467141403888887,0.8012962962962962,8,24,4,1,2.37
37,37,IL,2004,FEB,61.407407407407405,32.08181877685185,6.722222222222222,47.42592592592593,25.19195729833333,0.16666666666666666,98.44444444444444,76.68051543999998,35.46296296296296,30.520185185185184,30.166851001296298,29.36851851851852,9.888888888888891,8.246121099,0.1111111111111111,28.759259259259252,9.029279235407408,0.3338888888888889,9,17,3,0,2.65
38,38,IL,2004,MAR,72.61111111111113,45.35069693203704,19.222222222222225,62.740740740740726,35.81306252370371,8.425925925925927,99.07407407407408,72.03448825240741,22.35185185185185,30.515925925925927,30.101341696481484,29.43185185185185,10.166666666666666,8.337236160962963,0.16666666666666666,35.68518518518519,10.33269613712963,3.025185185185185,40,9,6,9,2.77
39,39,IL,2004,ARP,84.62962962962962,53.96296296425926,28.37037037037037,63.2037037037037,39.73271604962963,17.555555555555557,98.0,61.65061728370371,19.555555555555557,30.254629629629637,30.00599382666667,29.540925925925933,10.444444444444443,9.229629629685187,0.9259259259259258,39.35185185185185,9.66728395111111,1.2625925925925925,21,0,1,8,2.93
40,40,IL,2004,MAY,87.16666666666669,64.41334541833334,35.18518518518519,73.81481481481481,55.68471278129629,28.35185185185185,98.70370370370371,75.2833875772222,28.925925925925927,30.33537037037037,29.956971944629633,29.446851851851854,10.0,8.682949504907407,0.1111111111111111,30.555555555555557,8.604773479574074,3.5294444444444446,38,0,5,29,2.87
41,41,IL,2004,JUN,91.01851851851852,69.71843337574074,47.70370370370371,75.87037037037038,59.33373776055554,37.81481481481481,97.1851851851852,71.27999148555557,27.68518518518518,30.298148148148147,30.01662005111111,29.65833333333333,10.166666666666666,9.194252873537037,0.24074074074074076,25.296296296296298,5.801234567759259,1.755,26,0,3,14,2.49
42,42,IL,2004,JUL,90.85185185185185,72.07701826185185,50.981481481481495,79.51851851851852,63.93870540907407,46.351851851851855,97.55555555555556,77.25251749481481,39.407407407407405,30.29296296296296,29.96697260592592,29.655555555555548,10.166666666666666,8.195873869240742,0.0,25.574074074074073,5.196940604111111,2.2025925925925933,31,0,7,21,2.35
43,43,IL,2004,AUG,89.31481481481481,67.804872845,44.96296296296296,77.4074074074074,59.58495476962962,39.66666666666666,98.3148148148148,76.67306707555555,33.20370370370371,30.33055555555555,30.02398873388889,29.746111111111123,10.444444444444443,8.644094555314815,0.0,22.537037037037038,4.89213176312963,2.092407407407407,26,0,10,22,2.2
44,44,IL,2004,SEP,86.75925925925927,67.00679012314815,39.20370370370371,71.44444444444444,54.675679011111114,33.574074074074076,98.88888888888887,68.38592592611111,23.31481481481481,30.33333333333333,30.10694074148148,29.82611111111111,9.888888888888891,8.6385185185,0.0,21.907407407407412,4.752098765518519,0.35592592592592603,6,0,7,4,2.22
45,45,IL,2004,OCT,80.5925925925926,55.298951281111115,29.425925925925927,68.96296296296298,45.34468339425926,21.0,98.22222222222223,73.60679675962962,20.185185185185187,30.439074074074068,29.98142108,29.44185185185185,9.888888888888891,7.697597238833332,0.0,30.425925925925927,7.444245320333332,2.034074074074074,34,0,7,11,2.08
46,46,IL,2004,NOV,69.77777777777777,45.26972369148147,19.277777777777782,62.24074074074075,38.35246913555555,15.240740740740742,98.22222222222223,78.50271408999998,28.68518518518519,30.717037037037038,30.12796433351852,29.386296296296297,9.888888888888891,8.037340779907408,0.037037037037037035,29.925925925925927,7.807662159814815,2.5951851851851853,33,5,3,4,2.17
47,47,IL,2004,DEC,60.53703703703704,31.718940112592588,-2.1111111111111107,54.851851851851855,24.87699364166667,-9.314814814814817,99.40740740740742,76.41414191314816,34.55555555555556,30.663333333333334,30.08256328759259,29.414814814814815,9.888888888888891,8.593529161351853,0.0,33.388888888888886,9.589984756537037,0.8798148148148148,12,13,9,1,2.97
48,48,IL,2005,JAN,61.722222222222214,28.740422141851848,0.9444444444444442,57.814814814814824,24.240581441296296,-5.296296296296297,99.40740740740742,82.92027080759259,43.83333333333334,30.82833333333333,30.21209358962963,29.51888888888889,10.0,7.418359219351853,0.05555555555555555,34.111111111111114,8.304739147481483,2.9498148148148147,21,24,11,8,2.23
49,49,IL,2005,FEB,60.77777777777778,35.72817460296297,15.555555555555555,50.851851851851855,30.448412698148154,7.666666666666668,99.40740740740742,82.25198412648146,43.33333333333333,30.450740740740738,30.11709656111111,29.4962962962963,9.888888888888891,7.033068783055555,0.0925925925925926,25.740740740740748,7.712301587518518,0.9561111111111112,24,17,6,1,2.02
50,50,IL,2005,MAR,74.55555555555556,38.86559139722222,16.01851851851852,56.74074074074075,28.31835309314815,5.425925925925926,99.20370370370372,68.75719143518518,23.81481481481481,30.311481481481486,29.92213307685186,29.37314814814815,10.25925925925926,8.564929694037037,0.2777777777777778,32.99999999999999,9.393667861703703,0.9316666666666666,21,12,2,6,2.09
51,51,IL,2005,ARP,82.27777777777777,54.979067687962974,32.111111111111114,64.07407407407408,41.41335887611111,20.185185185185183,98.66666666666669,63.835781183148136,19.962962962962962,30.390925925925927,29.93961417592592,29.49555555555556,9.888888888888891,9.076675180814815,0.6296296296296295,29.462962962962962,8.806573010092592,1.7055555555555555,30,0,1,10,2.05
52,52,IL,2005,MAY,87.74074074074076,60.93293508555556,29.33333333333333,68.48148148148147,46.46543209925925,17.037037037037038,99.11111111111113,61.68542413351853,18.85185185185185,30.345925925925933,29.988814814814816,29.67277777777777,9.888888888888891,9.247909199666665,0.574074074074074,30.055555555555557,7.517164476092592,1.528333333333333,22,0,2,13,2.12
53,53,IL,2005,JUN,94.88888888888887,74.71837606833334,51.27777777777778,75.18518518518519,62.80432098722221,43.18518518518518,97.74074074074076,68.18129154870368,28.222222222222218,30.222777777777782,29.93717141333333,29.68111111111111,9.888888888888891,8.573409306703704,0.7592592592592592,29.07407407407407,6.071937321907407,0.8644444444444445,21,0,1,19,2.23
54,54,IL,2005,JUL,97.22222222222223,75.51775047018518,52.759259259259274,80.62962962962962,65.65996756962963,47.351851851851855,98.37037037037035,72.9903140462963,28.037037037037035,30.27666666666666,30.00595109962963,29.74166666666667,9.888888888888891,8.384067246962964,0.037037037037037035,22.37037037037037,4.960189452203704,1.8046296296296296,22,0,7,13,2.03
55,55,IL,2005,AUG,96.16666666666669,74.96621373962962,55.5,78.66666666666666,66.04628997407407,51.944444444444436,98.62962962962965,75.70723862592592,33.27777777777778,30.22203703703704,29.997749923703694,29.637407407407412,9.888888888888891,7.990481879777779,0.07407407407407407,23.51851851851852,4.267490344166666,1.9074074074074077,26,0,11,16,1.92
56,56,IL,2005,SEP,92.38888888888893,69.84876543185186,38.29629629629629,72.62962962962962,59.02160493796296,29.33333333333333,99.03703703703701,72.27839506166669,27.129629629629637,30.29814814814815,30.06809876518518,29.71462962962963,9.888888888888891,8.066666666703702,0.0,25.425925925925927,4.970370370333335,2.136296296296296,23,0,9,16,1.83
57,57,IL,2005,OCT,87.20370370370371,55.298088412037046,29.01851851851852,71.42592592592592,45.45937873333333,25.240740740740748,99.1851851851852,72.56869772962962,22.703703703703702,30.443703703703704,30.085925925185183,29.75833333333334,9.888888888888891,8.726403823037037,0.0,21.57407407407407,5.972520908166668,0.9851851851851852,17,0,6,5,1.87
58,58,IL,2005,NOV,73.94444444444444,44.416177096851854,14.018518518518519,63.611111111111114,33.96698595037037,-4.907407407407408,98.96296296296299,68.56613452555554,23.740740740740748,30.593888888888888,29.97179331703704,29.274814814814814,9.888888888888891,9.034951043055557,0.4444444444444444,33.68518518518519,10.64561515585185,1.9751851851851847,20,5,2,10,2.01
59,59,IL,2005,DEC,50.66666666666666,26.23894862611111,-2.351851851851852,45.481481481481495,21.97371565037037,-7.0555555555555545,98.0925925925926,82.62425328518519,51.444444444444436,30.670925925925932,30.04253285592593,29.429444444444453,9.888888888888891,7.510752688166666,0.0,26.35185185185185,8.112903225574074,0.5440740740740739,14,31,8,2,2.09
60,60,IL,2006,JAN,60.740740740740726,38.24474417833332,19.11111111111111,55.185185185185176,32.193089354074075,13.759259259259258,97.62962962962965,80.35423295388887,38.03407407407408,30.540925925925933,29.950817645,28.667777777777772,9.888888888888891,7.9705757823333325,0.037037037037037035,34.20370370370369,10.452602234722221,1.568148148148148,21,11,6,5,2.06
61,61,IL,2006,FEB,62.29629629629631,31.294532627407413,0.5925925925925926,50.851851851851855,20.990520282222217,-12.555555555555554,97.5925925925926,68.15013227481482,21.759259259259252,30.74666666666667,30.07802248648149,29.53444444444445,10.166666666666666,9.088403880166668,0.14814814814814814,28.51851851851852,8.762566137037036,0.5187037037037038,7,14,3,4,2.08
62,62,IL,2006,MAR,73.4074074074074,41.77299880481482,16.75925925925926,62.944444444444436,32.90800477833333,11.037037037037036,98.0,72.48088411074076,26.555555555555557,30.495185185185186,30.07297491055556,29.16518518518519,9.888888888888891,8.360812425407408,0.0,35.611111111111114,9.556750298333332,2.73037037037037,31,9,5,13,2.12
63,63,IL,2006,ARP,85.0,56.874904213518505,29.259259259259252,66.14814814814815,43.311472967777775,21.129629629629637,97.37037037037035,63.850595997407396,20.055555555555557,30.30981481481481,29.925398255555553,29.41222222222222,9.888888888888891,9.331055768388891,0.7222222222222222,36.01851851851851,9.603554703870369,2.8396296296296293,31,0,1,20,2.26
64,64,IL,2006,MAY,92.55555555555556,62.20333959111112,39.03703703703703,72.12962962962962,51.03156397500001,27.64814814814815,98.37037037037035,69.5638106612963,21.074074074074076,30.23333333333333,29.888596120555547,29.51462962962963,9.888888888888891,8.900762360018518,0.037037037037037035,29.425925925925927,7.457848324648148,1.9394444444444443,40,0,4,20,2.28
65,65,IL,2006,JUN,91.64814814814815,71.20679012240741,50.68518518518518,73.44444444444444,58.71296296314816,40.055555555555564,96.96296296296295,66.38827160518518,25.407407407407412,30.18296296296297,30.009407406481486,29.79037037037037,9.888888888888891,9.222222222222221,0.4999999999999999,27.759259259259252,5.80061728412963,1.6974074074074073,31,0,2,21,2.28
66,66,IL,2006,JUL,96.74074074074076,76.7376129487037,52.27777777777778,80.4074074074074,67.36961366907408,48.148148148148145,98.11111111111113,73.9592462061111,32.277777777777764,30.337962962962965,30.003351881481485,29.77148148148148,9.888888888888891,8.240253909611113,0.0,31.44444444444445,5.244086594888889,1.925185185185185,28,0,8,22,2.15
67,67,IL,2006,AUG,95.44444444444444,73.4854428538889,55.29629629629631,77.92592592592592,65.31043863555556,50.66666666666666,96.92592592592592,77.21748589462966,35.51851851851851,30.22592592592593,30.005695154629635,29.762407407407412,10.0,7.8991596682222225,0.07407407407407407,24.68518518518519,5.0167870161481485,2.8692592592592585,31,0,7,19,2.21
68,68,IL,2006,SEP,85.83333333333334,63.086951894814824,37.85185185185186,70.48148148148147,53.90840783203704,32.37037037037037,97.92592592592592,74.68752660833334,28.92592592592593,30.184999999999995,29.973403362777766,29.549999999999994,10.555555555555557,8.403873988962962,0.037037037037037035,23.68518518518519,5.637696892203702,1.5724074074074077,29,0,8,14,2.62
69,69,IL,2006,OCT,90.53703703703705,51.13821684555555,25.50000000000001,67.42592592592592,40.31593488666667,14.425925925925927,98.0,69.60506272388889,21.07407407407407,30.490740740740748,29.98822580685185,29.413888888888888,10.0,8.936081242611111,0.3148148148148148,29.296296296296298,8.181526284759261,1.6744444444444442,26,0,1,5,3.02
70,70,IL,2006,NOV,72.3888888888889,44.343699446481466,18.907407407407412,60.7037037037037,35.83627075296296,13.074074074074073,97.55555555555556,74.3048318440741,24.90740740740741,30.501851851851853,30.078715198703705,29.4812962962963,10.0,7.961579395462962,0.0,28.925925925925927,7.824350787333334,1.901851851851852,23,2,6,3,3.0
71,71,IL,2006,DEC,59.46296296296297,36.19487587962963,3.2407407407407405,54.98148148148147,29.907433957222228,-2.0000000000000004,98.11111111111113,78.22626665,36.35185185185185,30.716481481481477,30.147889641481484,29.49388888888889,10.0,8.122169122462964,0.1851851851851852,29.777777777777782,8.771259790481484,1.6033333333333333,20,7,9,4,2.2
72,72,IL,2007,JAN,53.42592592592593,30.164232929629637,3.740740740740741,50.29629629629629,24.511748306851853,-1.4074074074074074,97.37037037037037,79.28476923870372,41.22222222222221,30.706851851851848,30.124276517407413,29.613888888888887,10.0,8.052015576018517,0.1111111111111111,28.740740740740733,10.043674499129631,1.363148148148148,20,26,2,1,3.01
73,73,IL,2007,FEB,50.77777777777778,22.00754458222222,-4.4444444444444455,42.79629629629629,13.850872035962961,-14.481481481481485,97.11111111111114,71.43209876537038,31.33333333333333,30.62907407407407,30.07662649314815,29.380925925925933,10.0,8.546516754814814,0.07407407407407407,31.703703703703702,9.975896532166665,0.8892592592592593,8,23,3,3,3.44
74,74,IL,2007,MAR,80.68518518518519,48.317307295740726,15.129629629629626,64.07407407407408,38.56978947814815,8.851851851851851,97.22222222222223,71.96117084851852,24.53703703703703,30.546851851851848,30.091368804074076,29.124074074074073,10.0,8.509413751907406,0.24074074074074076,33.55555555555556,9.900444938592594,2.190925925925926,33,7,5,20,3.52
75,75,IL,2007,ARP,86.5,50.71549885833333,22.68518518518518,62.22222222222222,37.21221989981481,6.685185185185183,96.92592592592592,63.171278880370366,21.722222222222214,30.29481481481481,29.967475608703708,28.21,10.185185185185183,9.25103041914815,0.8518518518518519,33.277777777777786,10.11080924135185,1.651851851851852,19,3,0,11,3.52
76,76,IL,2007,MAY,88.42592592592592,67.43600159277777,38.51851851851851,67.64814814814815,51.65981680611112,21.277777777777782,96.74074074074076,60.82277976814814,17.296296296296298,30.36481481481481,30.07808442833333,29.828518518518518,10.277777777777779,8.766109119944446,0.2777777777777778,30.87037037037037,7.563082436944446,1.6601851851851852,27,0,3,13,3.64
77,77,IL,2007,JUN,92.22222222222223,72.3043209877778,49.185185185185176,74.37037037037038,59.58950617314814,36.092592592592595,96.5925925925926,67.0401234562963,21.555555555555557,30.23351851851852,29.971061727407413,29.529629629629632,10.0,8.859259259074072,0.037037037037037035,30.33333333333333,5.777777777777778,1.990740740740741,30,0,6,22,3.32
78,78,IL,2007,JUL,91.0925925925926,73.03622726574075,53.38888888888889,76.25925925925927,62.055475905925924,45.981481481481495,95.14814814814814,69.76601619555555,31.462962962962965,30.254259259259253,30.00094252,29.77555555555556,10.925925925925927,9.106026815425928,0.25925925925925924,24.259259259259252,4.67250763312963,1.7779629629629627,20,0,4,17,3.16
79,79,IL,2007,AUG,96.72222222222223,78.01550007518519,54.351851851851855,79.01851851851853,66.06532635648148,43.00000000000002,95.18518518518516,70.11997281074073,26.314814814814817,30.223888888888887,29.983622970740747,29.774444444444452,10.0,8.711196253777779,0.2592592592592593,24.907407407407412,4.864054711037038,1.5185185185185184,29,0,6,25,3.21
80,80,IL,2007,SEP,94.22222222222223,69.88059964740741,37.53703703703704,73.05555555555556,53.909611991851854,21.81481481481481,96.33333333333331,61.560582010185186,16.055555555555557,30.390925925925927,30.07437830777778,29.83203703703704,10.0,9.173985890740743,0.6111111111111112,24.629629629629637,5.436772486703704,42.82981481481481,19,0,2,8,3.31
81,81,IL,2007,OCT,90.57407407407406,59.84229390722222,30.62962962962964,69.77777777777777,47.664277180555565,22.425925925925927,96.0925925925926,67.10334528166666,22.33333333333333,30.621481481481485,30.01081839907407,29.314259259259263,10.0,9.170250896185186,0.1111111111111111,30.944444444444446,7.933094384777777,5.215000000000002,31,0,3,8,3.53
82,82,IL,2007,NOV,68.0925925925926,41.943209876481475,20.35185185185185,58.555555555555564,30.60370370333333,6.4444444444444455,96.35185185185186,66.31419753129629,21.07407407407407,30.489999999999995,30.11008641962963,29.699444444444445,10.0,8.787037037055555,0.3888888888888889,27.574074074074076,8.535185184999998,1.0305555555555554,16,4,2,6,3.73
83,83,IL,2007,DEC,56.96296296296296,30.72392370111111,7.555555555555554,53.33333333333334,26.264739972037038,3.648148148148149,97.29629629629629,82.9934577512963,47.148148148148145,30.482037037037028,30.07483733685185,29.392962962962965,10.0,6.4172248999814805,0.0,34.98148148148148,8.200586385444447,1.9568518518518518,28,30,16,3,3.48
84,84,IL,2008,JAN,66.05555555555556,26.93277578555556,-4.8888888888888875,57.66666666666666,19.72007168555556,-13.333333333333332,97.01851851851852,73.72142572759259,34.833333333333336,30.78055555555556,30.102042214444445,29.108888888888888,10.0,8.47793707674074,0.07407407407407407,37.203703703703695,11.251294305888887,1.247777777777778,17,29,2,6,3.88
85,85,IL,2008,FEB,55.62962962962962,26.590653232037038,4.425925925925926,51.925925925925924,20.75322832425926,-9.277777777777779,97.22222222222223,78.36786339314816,40.129629629629626,30.53851851851852,30.007174684629632,29.15962962962963,10.0,7.3099191145,0.0,34.2037037037037,9.894777920666666,1.989259259259259,19,40,10,6,4.58
86,86,IL,2008,MAR,67.1111111111111,39.217124652037036,12.648148148148149,58.444444444444436,30.511031462592587,3.592592592592593,97.55555555555556,73.02839506092594,24.555555555555557,30.445555555555554,30.0512684174074,29.565740740740747,10.0,8.499920350499997,0.037037037037037035,32.2037037037037,9.425647152629631,3.7094444444444448,26,10,5,13,4.69
87,87,IL,2008,ARP,80.05555555555556,51.68024691407407,29.055555555555557,63.37037037037037,40.99567901222222,21.277777777777782,97.55555555555556,69.25123456777779,25.407407407407412,30.46907407407407,29.98260493851852,29.426111111111123,10.0,8.972839506185187,0.16666666666666666,35.388888888888886,10.021604938148151,2.2368518518518514,32,2,3,13,5.25
88,88,IL,2008,MAY,84.44444444444444,59.46415770777778,36.5925925925926,70.77777777777777,47.480286738333334,27.01851851851852,96.85185185185185,66.26642771870371,22.18518518518518,30.33685185185185,29.865902030740738,29.192407407407412,10.0,9.331541218666668,0.35185185185185186,34.833333333333336,8.886499403407408,3.6396296296296295,41,0,3,24,5.71
89,89,IL,2008,JUN,90.9074074074074,73.22699020925926,53.07407407407407,75.75925925925925,60.794572159629624,38.944444444444436,96.70370370370372,66.76132396629629,23.148148148148145,30.205185185185183,29.916599402962962,29.53462962962963,10.0,9.576990208666668,0.07407407407407407,35.314814814814824,7.766347381907407,3.125555555555555,36,0,3,30,5.43
90,90,IL,2008,JUL,91.25925925925924,74.0616734633333,50.018518518518505,77.2037037037037,64.52112017500001,47.66666666666666,95.77777777777777,72.64742718296297,31.462962962962962,30.18,29.975526058518515,29.75,10.0,8.930659580611113,0.037037037037037035,29.462962962962965,5.24037201837037,3.2574074074074084,33,0,7,24,5.17
91,91,IL,2008,AUG,90.72222222222223,71.43692580185187,51.62962962962962,79.77777777777777,61.792361884259265,48.0925925925926,96.22222222222223,72.55637951611112,34.148148148148145,30.22333333333333,29.998718741111123,29.764444444444447,10.0,8.767025089555553,0.0,22.277777777777782,4.1724549910370365,0.6927777777777778,18,0,7,14,4.99
92,92,IL,2008,SEP,90.94444444444444,66.70163899370371,41.907407407407405,74.27777777777777,57.09676458111111,33.240740740740726,97.18518518518519,74.93044912703705,26.574074074074076,30.335925925925928,30.08930395944445,29.39148148148148,10.277777777777779,8.190570455537035,0.0,27.35185185185185,4.583993188592592,4.779444444444444,29,0,11,13,4.29
93,93,IL,2008,OCT,83.92592592592592,54.75181509,26.66666666666667,66.57407407407408,42.99416413944446,16.166666666666668,96.66666666666669,68.06006800759259,21.555555555555557,30.477592592592586,30.162258431666668,29.751666666666665,10.0,9.285993934425925,0.1851851851851852,29.629629629629626,6.4425604265925935,1.4668518518518519,20,0,3,3,4.11
94,94,IL,2008,NOV,73.68518518518519,40.83395061833333,15.296296296296296,57.07407407407407,31.304938271851853,7.333333333333332,96.74074074074076,70.36049382759259,29.85185185185185,30.60518518518519,30.056870370185184,29.29833333333333,10.0,8.974074074148149,0.12962962962962962,26.037037037037038,8.412962963185183,0.8524074074074073,21,8,3,1,4.09
95,95,IL,2008,DEC,63.055555555555564,27.628314038518518,-0.3333333333333334,59.07407407407407,21.329213529259263,-9.09259259259259,96.88888888888887,76.99553687907408,44.20370370370371,30.655740740740747,30.086260550185184,29.36296296296296,10.0,8.421273294055556,0.0,34.75925925925926,11.020241970111112,2.375,23,33,5,5,5.15
96,96,IL,2009,JAN,54.481481481481474,21.321241920925925,-13.481481481481481,45.611111111111114,14.114940415407407,-21.59259259259259,96.79629629629629,73.72563489851852,35.83333333333334,30.78796296296296,30.076678398888888,29.365740740740733,10.0,8.405645927074076,0.0,29.33333333333333,9.101651195925923,0.35259259259259257,6,36,4,1,4.34
97,97,IL,2009,FEB,64.81481481481481,32.731782108703705,2.851851851851852,53.944444444444436,24.37900833685185,-3.981481481481482,96.07407407407408,72.27479156666669,37.629629629629626,30.62944444444444,30.11171757296297,29.28462962962963,10.0,8.873536956814815,0.07407407407407407,34.53703703703704,10.558140931814815,2.2627777777777776,13,12,5,6,3.75
98,98,IL,2009,MAR,75.2037037037037,44.43269613592592,13.018518518518515,59.740740740740726,32.60780565444445,5.351851851851851,96.05555555555556,65.70246913499999,21.962962962962962,30.67777777777778,30.088219434629632,29.32629629629629,10.0,9.330625248888888,0.3888888888888889,37.888888888888886,9.994782954722222,2.6685185185185185,25,4,1,11,3.74
99,99,IL,2009,ARP,83.05555555555556,51.968719004074075,28.85185185185185,65.24074074074075,40.339342619259256,18.870370370370367,96.72222222222223,67.11049382666667,23.129629629629626,30.402777777777782,29.947029440555557,29.41222222222222,10.0,8.935760261685184,0.3333333333333333,31.37037037037037,10.446196054074074,4.187407407407409,36,4,3,16,3.95
100,100,IL,2009,MAY,85.4074074074074,62.987889247407416,38.518518518518526,70.05555555555556,50.65707193703704,25.16666666666667,96.70370370370371,66.18566043314813,19.814814814814813,30.3937037037037,29.994597760555557,29.592037037037034,10.0,9.212105161055556,0.0,31.296296296296298,6.726099252000001,3.140185185185185,32,0,4,20,4.01
101,101,IL,2009,JUN,94.92592592592592,72.64115226425923,47.444444444444436,77.2037037037037,61.43251028796296,35.611111111111114,95.92592592592592,69.77578875129629,26.48148148148148,30.112037037037037,29.884109739629626,29.63851851851852,10.0,9.049931412851851,0.3888888888888888,29.31481481481482,6.334087791537037,2.8046296296296296,33,0,3,24,3.56
102,102,IL,2009,JUL,85.33333333333333,69.56845195407406,52.74074074074075,73.64814814814815,60.50443761722222,46.85185185185186,96.11111111111113,73.54810377203705,37.72222222222222,30.18296296296297,29.972172043333334,29.695,10.0,8.936600102444444,0.07407407407407407,24.59259259259259,4.8292951015370384,2.811666666666666,26,0,5,15,3.32
103,103,IL,2009,AUG,87.9074074074074,68.40121360740741,45.055555555555564,74.55555555555554,60.4799408912963,40.48148148148149,96.31481481481481,76.69993082962964,38.03703703703704,30.310555555555553,30.01497547777777,29.654629629629632,10.0,8.587562095092592,0.1851851851851852,26.01851851851852,5.393887945592592,2.715,28,0,11,17,3.27
104,104,IL,2009,SEP,82.31481481481481,64.14387615055556,40.59259259259258,68.4074074074074,55.15750538981482,34.25925925925926,96.31481481481481,74.82007642574074,30.33333333333334,30.337962962962965,30.074661179629633,29.51055555555556,10.0,7.8151283558888895,0.0,25.648148148148145,4.6824025084444445,1.2868518518518517,20,0,17,8,3.59
105,105,IL,2009,OCT,72.66666666666667,48.570347024814815,26.277777777777782,63.77777777777778,41.410705995740756,20.277777777777782,96.46296296296295,77.40814485314813,32.94444444444444,30.436296296296295,29.98344644925926,29.377407407407407,10.0,8.437503948185183,0.037037037037037035,26.777777777777782,7.372904049555557,4.388333333333334,42,2,3,7,3.55
106,106,IL,2009,NOV,74.42592592592592,46.859817754444435,24.388888888888893,56.31481481481482,37.90270429092593,14.333333333333336,97.74074074074076,73.55752498481482,22.85185185185185,30.462407407407408,30.07708230462963,29.73944444444444,10.0,8.531099353277776,0.0,23.79629629629629,7.315490887666667,1.2427777777777778,23,0,5,2,3.57
107,107,IL,2009,DEC,55.555555555555564,28.901951413888888,4.685185185185186,43.70370370370371,23.2985264837037,-2.4444444444444446,96.75925925925924,79.1383512551852,35.981481481481474,30.582962962962966,30.032130226851848,29.072037037037035,10.0,7.454838709685185,0.07407407407407407,34.09259259259259,9.443050577574077,38.768333333333345,21,29,5,2,3.81
108,108,IL,2010,JAN,49.35185185185186,21.778898997407413,-8.61111111111111,45.444444444444436,16.577515852962964,-14.685185185185187,97.0,80.15017461518518,43.87037037037036,30.59407407407407,30.13222093537037,29.230925925925927,10.0,7.147559966925927,0.0,27.90740740740741,8.463725760833334,0.6514814814814814,10,24,16,2,3.63
109,109,IL,2010,FEB,44.111111111111114,25.563492062962965,2.962962962962963,36.77777777777777,19.57804232851852,-4.277777777777777,96.77777777777777,77.70105820111112,38.03703703703704,30.37833333333333,30.04643518555556,29.700925925925933,10.0,7.613756613870369,0.16666666666666666,25.88888888888888,7.775132275333334,0.5137037037037037,10,32,4,0,3.48
110,110,IL,2010,MAR,77.66666666666669,44.09020310629629,21.222222222222218,54.148148148148145,34.694145759074075,12.722222222222225,96.88888888888887,72.4360812412963,22.42592592592593,30.41796296296296,29.952592592222228,29.42537037037037,10.0,8.498207885240742,0.0,28.66666666666667,8.07108721624074,1.6787037037037038,28,2,8,4,3.53
111,111,IL,2010,ARP,84.09259259259258,58.60251812685186,31.444444444444446,64.61111111111113,43.83644914777778,17.870370370370377,96.5925925925926,60.85179306259259,19.0,30.364259259259253,29.908071721666662,29.155740740740747,10.0,9.490505584981484,0.25925925925925924,34.333333333333336,9.139515970685183,1.9085185185185185,25,0,3,13,3.49
112,112,IL,2010,MAY,90.94444444444441,64.25096774222223,34.44444444444445,72.68518518518519,53.23885304722222,27.03703703703703,96.31481481481481,69.40317801666667,21.444444444444443,30.39648148148148,29.96653428907407,29.513333333333332,10.0,9.069008363296296,0.07407407407407407,30.981481481481485,7.843727598407407,3.4814814814814814,39,0,4,27,3.41
113,113,IL,2010,JUN,90.74074074074076,74.52012603981483,55.759259259259274,77.75925925925927,65.40989655462961,41.3888888888889,96.25925925925928,74.53527178351851,32.111111111111114,30.277222222222218,29.941355270740736,29.587407407407408,10.0,9.186192160314816,0.0,32.2037037037037,5.890845531648147,4.185185185185185,41,0,6,36,3.51
114,114,IL,2010,JUL,92.9814814814815,77.27925129425927,54.425925925925924,79.2962962962963,67.51142970962964,40.64814814814814,98.22222222222223,73.28773396981481,30.277777777777782,30.347962962962967,29.989600556666666,29.712592592592603,10.166666666666666,9.26336121074074,0.2962962962962963,25.777777777777782,4.945798486703704,3.0961111111111115,33,0,4,27,3.73
115,115,IL,2010,AUG,95.6851851851852,76.90829208537038,52.92592592592593,80.57407407407408,66.30394549666667,46.018518518518505,98.44444444444444,71.95911418259259,26.055555555555557,30.238148148148152,29.979082039444442,29.735555555555557,10.555555555555557,8.920148489555555,0.0,25.055555555555557,4.40076235987037,1.5933333333333333,22,0,7,15,4.05
116,116,IL,2010,SEP,92.20370370370371,67.48936899833332,41.685185185185176,73.03703703703705,54.657064471481476,30.59259259259259,98.05555555555556,67.79526748814816,22.537037037037038,30.212777777777767,29.992619340740738,29.74592592592593,10.0,9.425445816222224,0.2222222222222222,28.0,6.533127571962964,2.1,30,0,4,15,4.51
117,117,IL,2010,OCT,87.48148148148148,56.7574671437037,26.66666666666667,63.944444444444436,38.79569892537037,13.907407407407408,97.92592592592594,57.54540023870371,15.185185185185185,30.442407407407412,30.019498206111113,29.08481481481481,10.0,9.77060931890741,0.6851851851851852,34.611111111111114,6.98566308212963,0.8305555555555556,14,0,2,9,4.62
118,118,IL,2010,NOV,74.42592592592592,44.06515775,19.796296296296298,60.68518518518518,32.8077503438889,5.314814814814814,98.72222222222223,68.7836076812963,20.48148148148148,30.436666666666675,30.05361865537038,29.575925925925933,10.0,8.930178326425926,0.037037037037037035,29.40740740740741,8.744101508611111,1.8857407407407405,23,3,5,5,4.84
119,119,IL,2010,DEC,58.07407407407407,24.864790634814817,-0.3518518518518516,54.814814814814824,20.737439551851853,-5.814814814814816,98.24074074074076,82.23591341055554,45.33333333333334,30.52296296296296,30.101124923148145,29.51685185185185,10.0,7.48365904301852,0.0,31.48148148148148,8.36928799037037,1.175185185185185,11,34,9,3,3.42
120,120,IL,2011,JAN,43.981481481481495,23.382746737222234,-4.759259259259259,39.68518518518519,17.836579579999995,-10.0,98.88888888888893,78.47414553703705,40.20370370370371,30.58592592592593,30.07113961314815,29.45185185185185,10.0,7.509057547333334,0.0,26.33333333333333,8.005121867055559,0.24185185185185185,7,32,6,0,4.94
121,121,IL,2011,FEB,63.351851851851855,31.046516754074073,-5.925925925925927,55.96296296296296,24.182760140555555,-12.5,98.01851851851852,76.65307172259259,33.42592592592593,30.581111111111113,30.05193734074074,29.47833333333333,10.0,8.429624730462962,0.07407407407407407,39.51851851851851,9.411253184425926,75.31203703703706,15,20,4,5,5.86
122,122,IL,2011,MAR,73.48148148148148,42.20643903722222,23.240740740740748,57.42592592592593,32.407250204444445,6.296296296296296,98.5,71.3221404775926,19.574074074074076,30.48277777777778,30.09512167537037,29.481666666666666,10.0,8.911431805333331,0.3333333333333333,33.94444444444444,9.293686726555556,1.1838888888888883,24,6,2,9,5.73
123,123,IL,2011,ARP,84.55555555555556,54.25824514907408,30.98148148148148,66.0925925925926,43.091754849814826,18.314814814814813,97.51851851851852,69.48589065203703,21.85185185185185,30.38037037037037,29.816958554629625,29.272592592592588,10.0,8.903350970037037,0.2962962962962963,36.888888888888886,10.817107584185186,3.711851851851852,39,0,3,21,6.65
124,124,IL,2011,MAY,90.46296296296299,63.16929510074075,34.57407407407407,71.12962962962962,52.932019115370366,27.962962962962962,98.07407407407408,71.40489844740742,28.722222222222218,30.41685185185185,29.89522222185185,29.480925925925927,10.0,8.966726403796295,0.05555555555555555,31.629629629629626,8.7289127835,3.0879629629629632,36,0,5,18,6.56
125,125,IL,2011,JUN,95.66666666666669,73.11054551962962,53.96296296296296,74.27777777777777,62.19959253074074,43.62962962962963,97.77777777777777,70.44372073185184,24.722222222222218,30.291481481481487,29.91901386537037,29.60388888888889,10.0,9.335513592388887,0.3888888888888888,31.462962962962965,7.361032050370372,4.372407407407406,37,0,3,29,6.56
126,126,IL,2011,JUL,97.09259259259258,79.89292197037038,60.72222222222222,80.55555555555556,69.4927372187037,54.259259259259274,97.42592592592592,71.91390842759259,34.14814814814814,30.147777777777772,29.961491009444448,29.78166666666667,10.0,8.859410473648149,0.2222222222222222,27.37037037037037,4.4770675195,1.830925925925926,22,0,4,18,6.96
127,127,IL,2011,AUG,95.14814814814814,74.77890304351854,53.907407407407405,78.87037037037038,63.422849957222226,46.70370370370371,97.37037037037035,69.90034244944444,29.215925925925934,30.109444444444453,29.92898395851852,28.931666666666665,10.0,9.141543956444444,0.0,24.555555555555557,4.147497338111111,1.3766666666666665,17,0,8,12,6.1
128,128,IL,2011,SEP,97.74074074074076,63.44149111777778,40.14814814814815,72.22222222222223,51.96473902944446,27.33333333333333,98.44444444444444,70.09579433,22.629629629629637,30.37462962962963,30.00628920833333,29.634259259259252,10.0,8.606174944703701,0.0,26.01851851851852,5.940954766962963,2.3837037037037043,30,0,11,9,5.84
129,129,IL,2011,OCT,85.22222222222223,55.532855436481476,30.740740740740748,62.33333333333334,41.52270012018519,18.37037037037037,99.0,64.51493428925927,19.01851851851852,30.35574074074074,30.02987455314815,29.55351851851852,10.0,9.566905615351851,0.6851851851851851,28.055555555555557,6.5149342889444455,1.2401851851851853,25,0,2,4,5.9
130,130,IL,2011,NOV,72.16666666666667,46.496472662592595,23.277777777777782,59.5,37.42129629629629,9.148148148148149,99.0,73.57363315685184,23.037037037037038,30.340555555555554,30.01172266166667,29.450000000000006,10.0,8.76772486775926,0.25925925925925924,34.22222222222222,11.110185185574071,3.2205555555555554,26,2,3,3,5.92
131,131,IL,2011,DEC,58.111111111111114,37.087415372777784,13.25925925925926,56.2037037037037,31.51225717907407,6.814814814814816,98.29629629629628,80.38488428648151,38.333333333333336,30.582222222222228,30.14399929277777,29.49,10.0,8.655382981481482,0.05555555555555555,27.462962962962965,7.908779149925926,2.1588888888888884,27,8,5,2,6.68
132,132,IL,2012,JAN,60.92592592592593,32.907209119444445,5.9444444444444455,53.62962962962962,25.14628073425926,-1.425925925925926,98.44444444444444,74.58652600962962,33.09259259259259,30.49370370370371,30.01752391944445,29.397777777777787,10.0,8.632488479259257,0.0,35.01851851851851,10.24442536859259,1.050185185185185,15,21,6,3,6.12
133,133,IL,2012,FEB,62.38888888888889,36.1148056912963,13.074074074074074,56.40740740740742,28.260490786111113,0.9814814814814816,98.96296296296299,74.76240649555554,23.648148148148145,30.50611111111111,30.099198139259254,29.32111111111111,10.0,8.033570516296296,0.0,34.833333333333336,8.875889436425926,0.8442592592592593,24,16,12,3,6.37
134,134,IL,2012,MAR,83.37037037037038,56.088320673518524,20.425925925925924,64.62962962962963,43.599114559074074,11.222222222222221,97.48148148148148,66.42125628777778,21.51851851851852,30.545185185185183,30.007910165370365,29.30351851851852,10.0,9.311777251740741,0.12962962962962962,35.37037037037037,10.235155237111107,1.3562962962962963,27,4,6,18,6.48
135,135,IL,2012,ARP,84.85185185185186,55.1423931988889,28.462962962962965,65.18518518518519,40.71492451685185,13.296296296296296,97.11111111111113,61.60373481388889,16.537037037037038,30.374814814814812,29.988460225,29.544259259259253,10.0,9.323407669314816,0.6481481481481481,32.09259259259259,9.120525919648149,2.688703703703704,33,0,2,19,6.39
136,136,IL,2012,MAY,94.12962962962965,68.34468339333334,44.0925925925926,71.44444444444444,52.21109875185186,27.259259259259252,97.90740740740742,59.5571210812963,16.74074074074074,30.24092592592592,29.96556132222223,29.59703703703704,10.0,9.497692909907407,0.2962962962962963,30.129629629629626,7.491513204166668,2.103333333333333,25,0,3,19,6.43
137,137,IL,2012,JUN,100.14814814814814,72.64135802407408,46.87037037037037,76.59259259259258,56.8802469137037,37.333333333333336,97.09259259259258,59.38580246925926,20.537037037037038,30.182037037037034,29.955043209259262,29.727407407407412,10.0,9.867283950555557,0.8888888888888888,26.88888888888889,6.3666666668148135,0.9894444444444443,19,0,0,10,7.3
138,138,IL,2012,JUL,102.96296296296295,81.15800477833334,59.59259259259258,77.6111111111111,66.18445980481482,49.42592592592593,96.6851851851852,62.9403055137037,24.12962962962963,30.147777777777772,29.971737070740733,29.65833333333333,10.0,9.735748421074074,1.0185185185185184,24.796296296296298,4.849462365611112,0.8898148148148147,20,0,0,17,7.58
139,139,IL,2012,AUG,97.22222222222223,73.33753365648148,49.314814814814824,75.6111111111111,59.276171170925934,40.27777777777778,98.44444444444449,65.24823766833333,20.277777777777782,30.16796296296296,29.98258130722222,29.747777777777767,10.0,9.5179109355,0.24074074074074076,27.240740740740748,4.460864503888889,2.7887037037037032,26,0,4,16,6.84
140,140,IL,2012,SEP,91.46296296296299,64.70925925999998,34.37037037037037,74.5925925925926,53.38535547037038,25.81481481481481,98.59259259259258,70.83043848499999,21.092592592592588,30.36222222222223,30.02292996944444,29.703888888888887,10.0,9.165027671388891,0.0,27.29629629629629,5.639889314722222,3.9527777777777775,28,0,8,12,6.84
141,141,IL,2012,OCT,80.24074074074073,52.39545997537037,29.16666666666667,65.85185185185186,42.345878135370384,17.740740740740737,98.42592592592592,71.00955794592592,26.14814814814815,30.405555555555548,29.981296297777767,29.340185185185184,10.0,9.507168458777775,0.3703703703703704,31.203703703703702,9.002389486185187,3.088333333333333,33,0,2,14,7.07
142,142,IL,2012,NOV,71.74074074074075,41.53131829074075,17.851851851851855,55.944444444444436,32.71053403388889,13.24074074074074,99.16666666666669,72.67354193277778,31.148148148148145,30.542037037037037,30.17956901296296,29.77851851851852,10.0,8.74505463325926,0.0,33.20370370370371,6.663208930518517,1.006851851851852,16,2,7,4,6.73
143,143,IL,2012,DEC,70.2037037037037,36.88093626129629,8.61111111111111,60.96296296296296,31.935190874074074,5.500000000000001,99.07407407407408,81.74816900962962,39.48148148148149,30.43685185185185,29.99685629,29.158703703703704,10.0,8.077449697629628,0.0,37.77777777777777,8.954365553740741,1.8716666666666664,26,12,9,4,6.44
144,144,IL,2013,JAN,63.574074074074076,28.92791716444445,3.0740740740740735,59.481481481481495,22.537992831481482,-6.2592592592592595,98.96296296296295,75.87753882888889,36.75925925925926,30.62240740740741,30.150850258888887,29.31,10.0,8.86861808051852,0.037037037037037035,32.03703703703704,9.620230983666666,2.9075925925925925,21,17,6,4,6.87
145,145,IL,2013,FEB,55.68518518518518,30.154656083888888,3.777777777777777,47.98148148148147,23.97669312166667,-3.5,98.87037037037037,77.7439682537037,39.96296296296296,30.453888888888887,30.008933597592588,29.367407407407413,10.0,8.541693121740742,0.0,32.648148148148145,10.00526455001852,1.9507407407407409,18,26,2,4,7.05
146,146,IL,2013,MAR,61.70370370370371,34.719235365185185,13.203703703703704,50.03703703703704,26.82556750277778,5.185185185185186,98.88888888888887,74.25806451592592,31.296296296296298,30.461666666666666,30.06612305944445,29.53648148148148,10.0,8.611111111129631,0.0,29.962962962962965,9.152329749351852,1.716851851851852,24,26,6,4,7.14
147,147,IL,2013,ARP,83.44444444444444,50.53861454185184,23.537037037037035,65.48148148148147,39.66474622685185,10.296296296296298,98.62962962962965,68.66693415703702,21.092592592592588,30.47055555555556,29.999655384444445,29.513333333333332,10.0,9.208871742129633,0.3333333333333333,33.72222222222222,10.05745198885185,5.860185185185183,35,1,2,19,6.91
148,148,IL,2013,MAY,90.01851851851855,64.24074074074075,36.111111111111114,72.2037037037037,53.694743130555565,23.88888888888889,97.96296296296299,70.95101553185185,21.907407407407412,30.422222222222228,29.970908004074076,29.66148148148148,10.0,9.260454002444446,0.1851851851851852,31.68518518518518,8.237753882703705,5.86962962962963,46,0,3,27,6.96
149,149,IL,2013,JUN,93.09259259259258,71.77301587259258,48.2037037037037,76.14814814814814,61.65854577574074,43.42592592592593,97.83333333333331,72.65315856851852,30.83333333333333,30.159814814814812,29.93063115296296,29.621111111111112,10.0,9.483541766796296,0.2222222222222222,31.129629629629637,6.5730078562962975,3.6605555555555562,39,0,4,26,6.73
150,150,IL,2013,JUL,94.05555555555551,73.05495818425926,49.0,77.27777777777777,64.22222222203703,45.055555555555564,97.57407407407408,74.35663082537037,32.833333333333336,30.340555555555554,30.04165471981481,29.7575925925926,10.0,9.234169653518515,0.05555555555555555,24.055555555555557,4.7096774193333335,2.5166666666666666,30,0,7,14,6.09
151,151,IL,2013,AUG,96.6851851851852,72.90638148685187,49.814814814814824,78.01851851851852,63.876283483518506,45.77777777777778,97.83333333333331,75.0893849675926,34.740740740740726,30.275,30.054275449074073,29.748703703703704,10.0,8.9446219245,0.0,21.629629629629626,3.7130755112407408,1.49037037037037,18,0,9,11,5.25
152,152,IL,2013,SEP,94.98148148148148,68.6191358025926,43.444444444444436,74.44444444444444,57.89259259166667,37.259259259259245,97.5,72.01049382629631,27.44444444444445,30.297592592592594,30.01668518611111,29.767407407407408,10.0,9.274691357944443,0.3703703703703704,22.537037037037035,5.1327160494444435,1.0601851851851851,21,0,7,9,4.49
153,153,IL,2013,OCT,86.25925925925928,54.60581669425926,24.129629629629626,71.5925925925926,45.56638175796296,20.462962962962965,98.22222222222223,73.75650806888889,23.33333333333333,30.475,30.030396089629637,28.6212962962963,10.0,9.062059559666666,0.0,24.92592592592593,6.540235389037037,3.2192592592592586,35,1,7,8,4.5
154,154,IL,2013,NOV,72.27777777777777,38.63333333259259,11.037037037037036,64.07407407407408,30.34341563814815,3.0740740740740735,98.22222222222223,72.29506172833334,28.648148148148145,30.765555555555554,30.203788065370368,29.293148148148152,10.0,9.453909464962964,0.2777777777777777,36.77777777777778,9.155144031851853,1.1968518518518518,24,6,2,5,4.58
155,155,IL,2013,DEC,59.38888888888889,26.203942651111113,-2.2962962962962963,56.1111111111111,21.291338112037035,-8.277777777777779,99.07407407407406,79.42104739166669,40.96296296296296,30.70888888888889,30.126199919814812,29.495925925925928,10.0,7.984050179240742,0.0,25.944444444444446,8.269992035148151,1.6974074074074073,16,31,9,0,6.89
156,156,IL,2014,JAN,49.62962962962964,19.75499800851852,-12.722222222222221,41.055555555555564,12.590245994444444,-24.740740740740737,99.61111111111113,73.01737278944445,30.16666666666667,30.694074074074074,30.04904448037037,29.472962962962967,10.0,8.45484177312963,0.0,36.48148148148149,11.736736819370373,0.8916666666666665,15,43,6,1,4.47
157,157,IL,2014,FEB,55.518518518518505,18.93258867388889,-13.314814814814815,52.314814814814824,12.391877327166664,-21.01851851851852,99.0,73.94878012888887,34.18518518518519,30.57944444444445,30.120922251851848,29.264259259259262,10.0,8.736160102037038,0.05555555555555555,36.481481481481474,8.48821771546296,1.479814814814815,9,32,4,5,4.36
158,158,IL,2014,MAR,69.48148148148147,35.01720903222222,-0.9814814814814816,51.77777777777778,25.51067135888889,-10.222222222222221,98.61111111111113,70.10855591777778,29.18518518518519,30.50851851851852,30.067656594629625,29.437407407407413,10.0,8.982821791055555,0.3703703703703704,33.75925925925926,9.396905112166667,1.0203703703703704,17,14,1,7,4.56
159,159,IL,2014,ARP,80.01851851851852,52.454848810740735,27.85185185185185,63.611111111111114,39.6130792625926,17.166666666666668,98.90740740740742,64.93932128611111,18.907407407407405,30.34611111111111,29.932828055925928,29.404629629629632,10.0,9.421560207537038,0.4074074074074074,32.85185185185185,9.51340132337037,3.752407407407407,37,2,3,16,4.77
160,160,IL,2014,MAY,88.5925925925926,64.0720450701852,36.018518518518526,70.98148148148147,51.93324887703704,26.037037037037038,98.77777777777777,67.08814045777778,25.203703703703702,30.28425925925925,29.983212704259262,29.70981481481481,10.0,9.606474958462963,0.5925925925925926,29.944444444444446,8.126101017333331,2.7403703703703703,38,0,2,21,4.68
161,161,IL,2014,JUN,91.29629629629629,73.22238432,50.46296296296296,77.62962962962962,64.13745292537037,42.53703703703704,99.29629629629629,75.31166945074074,30.629629629629626,30.11962962962963,29.934178964074068,29.659814814814816,10.0,9.139126305722222,0.05555555555555555,29.68518518518519,7.161219176703702,5.297962962962964,43,0,6,26,4.12
162,162,IL,2014,JUL,92.0,69.8539426522222,50.7037037037037,77.44444444444444,60.88254181574074,47.66666666666666,99.07407407407408,74.24970131444444,35.907407407407405,30.32,30.02298163037037,29.682777777777773,10.0,9.405092592592592,0.0,27.703703703703702,5.2790471923703715,1.961666666666667,29,0,6,17,3.74
163,163,IL,2014,AUG,92.62962962962965,73.61947431259259,51.29629629629631,79.64814814814814,66.55495818555556,48.685185185185176,99.29629629629629,81.12425328555554,37.5,30.18685185185185,29.994032257592593,29.756481481481487,10.0,8.299283154092594,0.0,24.759259259259252,4.490442054907408,3.6777777777777785,38,0,15,25,3.51
164,164,IL,2014,SEP,91.5185185185185,64.43025910314815,39.37037037037036,75.92592592592592,55.91589710925926,37.74074074074074,98.87037037037035,76.91009995203704,30.759259259259267,30.382592592592587,30.087597378703705,29.622962962962962,10.0,9.07627213609259,0.0,26.222222222222218,4.954183813518519,3.3646296296296287,25,0,10,15,3.58
165,165,IL,2014,OCT,81.2037037037037,53.79318996425926,30.444444444444446,67.74074074074073,45.20501792092593,20.35185185185185,99.11111111111113,74.82520907962962,23.81481481481481,30.379259259259253,29.95107228166667,29.455740740740747,10.0,9.116845878222225,0.0,30.31481481481481,6.855495818277777,3.3088888888888888,37,1,8,10,3.63
166,166,IL,2014,NOV,66.85185185185186,34.797965750925925,7.648148148148148,55.83333333333334,27.227484586296292,1.3703703703703705,99.29629629629629,73.7350434890741,27.055555555555557,30.491851851851848,30.081815358148145,29.14814814814815,10.0,9.095042132037038,0.0925925925925926,31.185185185185194,9.912633593555556,1.3975925925925925,20,21,3,0,3.81
167,167,IL,2014,DEC,53.48148148148147,33.246714457222225,7.648148148148148,48.66666666666666,29.059737157037038,-0.8148148148148148,99.29629629629629,83.53405017962962,40.592592592592595,30.715,30.199504180185183,29.522407407407414,10.0,7.902031063296295,0.0,25.888888888888893,7.6600955796666685,1.3588888888888888,23,6,9,0,4.84
168,168,IL,2015,JAN,48.12962962962964,25.78012743907407,-5.37037037037037,40.888888888888886,20.528036638148148,-11.777777777777779,99.4074074074074,79.0950617283333,43.0925925925926,30.881481481481487,30.19044205425926,29.594629629629626,10.0,8.447152528907408,0.1851851851851852,30.462962962962965,8.212465153666669,1.0333333333333334,19,27,6,0,3.82
169,169,IL,2015,FEB,50.574074074074076,18.47461334874074,-9.703703703703702,42.53703703703704,12.242368742962967,-15.703703703703704,99.03703703703705,73.3889906387037,37.16666666666666,30.76537037037037,30.20105718333333,29.601111111111113,10.0,8.757478632500002,0.0,32.2037037037037,9.027269027518518,0.642962962962963,4,32,2,0,3.78
170,170,IL,2015,MAR,75.11111111111113,38.541138988333344,-1.8703703703703705,52.981481481481495,29.48211867703704,-6.777777777777778,99.42592592592592,72.214814815,25.42592592592593,30.60092592592592,30.166115492222215,29.73111111111111,10.0,8.57096774187037,0.0,27.092592592592588,7.713540421796296,1.4320370370370368,23,7,11,2,3.79
171,171,IL,2015,ARP,79.85185185185186,53.9814814811111,27.629629629629637,66.24074074074075,40.1456790125926,15.166666666666664,99.51851851851852,62.623456789074076,18.666666666666668,30.36851851851852,29.962135802407413,29.36296296296297,10.0,9.254320987648148,0.0,35.425925925925924,8.822839505314816,2.3872222222222224,32,0,5,15,3.62
172,172,IL,2015,MAY,85.37037037037038,64.85483870981481,34.40740740740741,70.59259259259258,53.96654719111112,30.944444444444446,98.94444444444444,70.62305854222222,23.51851851851852,30.452592592592588,30.07323178,29.82037037037036,10.0,9.405615292740741,0.07407407407407407,29.98148148148148,8.442054958666668,4.0707407407407405,43,0,4,19,3.65
173,173,IL,2015,JUN,93.24074074074076,71.94448701555554,49.055555555555564,76.46296296296298,64.34942528740741,45.68518518518518,99.11111111111113,78.73475947222221,35.79629629629629,30.227592592592593,29.95430246981481,29.69648148148148,10.0,9.079885057370369,0.0,30.14814814814815,6.450404427666665,6.570925925925927,44,0,5,33,3.85
174,174,IL,2015,JUL,91.92592592592594,73.71565113611112,55.46296296296296,80.48148148148148,66.58841099129629,51.96296296296296,98.79629629629629,78.98446833870369,36.925925925925924,30.17277777777777,29.95698327444445,29.625,10.0,8.866786141018519,0.037037037037037035,23.98148148148148,4.7526881719814815,3.4275925925925916,33,0,6,19,3.63
175,175,IL,2015,AUG,90.07407407407406,71.26386755240742,49.16666666666666,75.14814814814815,63.07100187796296,45.648148148148145,99.29629629629629,76.76762246166666,35.444444444444436,30.21462962962963,30.007328896481482,29.68888888888889,10.0,9.226062468166669,0.037037037037037035,22.83333333333333,4.5043522785555545,2.072407407407407,22,0,9,15,3.69
176,176,IL,2015,SEP,93.42592592592592,69.88173691055555,43.407407407407405,73.92592592592592,59.11238825000001,38.611111111111114,99.4074074074074,72.51145168092594,27.5,30.270925925925933,30.054857810925927,29.752407407407414,10.0,9.344167730925927,0.2962962962962963,23.88888888888889,5.1736696465740755,2.8924074074074078,23,0,4,14,3.7
177,177,IL,2015,OCT,81.05555555555556,55.94279968222222,27.518518518518515,64.18518518518519,44.096296296111106,18.51851851851852,99.33333333333331,68.18569494259259,20.296296296296294,30.546481481481482,30.08155850240741,29.509074074074068,10.0,9.276427718074077,0.0,26.94444444444445,7.963584229148147,1.2296296296296299,22,0,5,6,3.7
178,178,IL,2015,NOV,72.03703703703705,46.066666667037026,11.648148148148149,63.42592592592593,38.36975308611111,6.981481481481483,99.55555555555556,76.1950617287037,27.518518518518515,30.47018518518519,30.103777777222227,29.382962962962967,10.0,8.779012345722222,0.0,35.148148148148145,9.274074074074074,3.4494444444444445,31,4,10,4,3.79
179,179,IL,2015,DEC,66.29629629629632,40.92437275944445,18.777777777777786,62.851851851851855,36.52787734037037,12.555555555555555,99.81481481481484,84.73775388333334,42.129629629629626,30.63777777777777,29.991582238148144,29.161666666666665,10.0,8.176782158333333,0.0,35.166666666666664,10.097610514,4.992777777777778,30,8,15,10,3.71
180,180,IL,2016,JAN,57.00000000000002,27.40205837685185,0.3703703703703704,50.00000000000002,22.041909391481482,-6.8888888888888875,99.77777777777777,78.83253226074072,48.7037037037037,30.56333333333333,30.061646800185184,29.433703703703703,10.0,9.124559982037038,0.037037037037037035,29.31481481481482,9.436011510574074,5.322592592592594,12,20,5,0,3.73
181,181,IL,2016,FEB,68.24074074074075,33.34546615537037,2.6481481481481484,55.018518518518526,25.957215835925933,-7.074074074074074,99.4814814814815,75.13346104777777,29.96666666666667,30.65537037037037,30.040223498703703,27.967037037037038,10.0,8.648786717722222,0.0,37.27777777777778,9.75095785375926,0.6527777777777777,13,19,9,4,3.63
182,182,IL,2016,MAR,74.2962962962963,47.24253285462962,17.444444444444443,61.88888888888889,39.00955794370371,11.037037037037036,99.55555555555556,74.73058542481482,27.629629629629637,30.36703703703704,29.967670251296298,29.36629629629629,10.0,9.014934289277779,0.0,34.2037037037037,9.237156511555556,2.7546296296296293,39,5,6,11,3.67
183,183,IL,2016,ARP,82.85185185185185,52.95379188592593,25.40740740740741,64.05555555555556,41.81728395055556,13.629629629629626,99.5925925925926,68.12663139222222,22.33333333333333,30.457592592592594,30.01619576648148,29.580925925925932,10.0,9.160934744296297,0.07407407407407407,38.759259259259245,8.851675485129629,15.957592592592595,33,1,5,15,3.82
184,184,IL,2016,MAY,87.20370370370371,62.18263640037037,37.5925925925926,70.98148148148147,51.5812823575926,27.87037037037037,99.62962962962965,71.10175228962962,25.055555555555557,30.26351851851852,30.00555117388889,28.945555555555554,10.0,9.367662285907407,0.0,29.648148148148145,7.0890083631111125,14.624444444444444,43,0,6,23,3.92
185,185,IL,2016,JUN,93.87037037037037,74.26180719277778,50.40740740740742,77.16666666666667,62.34940502592593,41.51851851851851,99.29629629629629,67.81381786925925,26.240740740740748,30.242407407407413,29.98404719833333,29.691111111111113,10.0,9.70687383337037,0.6481481481481483,25.48148148148148,5.489703883833333,2.3198148148148143,22,0,2,14,3.63
186,186,IL,2016,JUL,95.16666666666669,75.24379009240741,55.72222222222222,81.33333333333331,69.09934932462963,51.0,99.66666666666669,82.63719694925926,41.92629629629631,30.256481481481487,30.000352321481486,28.747592592592603,10.0,8.971366602388889,0.0,29.68518518518518,4.486734675203704,5.6762962962962975,39,0,13,34,3.17
187,187,IL,2016,AUG,90.83333333333336,75.06382743574073,53.92592592592593,79.1111111111111,69.3639633885185,52.185185185185176,99.62962962962963,83.94251569,46.42592592592593,30.24944444444445,30.027826095555554,29.69314814814815,10.0,8.93103860251852,0.0,23.462962962962962,3.9239175215,5.5683333333333325,37,0,11,27,3.27
188,188,IL,2016,SEP,94.88888888888887,70.7625220459259,48.351851851851855,77.46296296296295,61.9515873024074,34.77777777777778,99.70370370370372,77.66031746074074,25.38888888888888,30.273888888888887,30.065973545185184,29.763148148148154,10.0,9.216402116388887,0.037037037037037035,22.33333333333333,5.386772486888889,2.7546296296296293,28,0,8,14,3.3
189,189,IL,2016,OCT,85.8888888888889,59.67387779444446,33.87037037037037,69.1111111111111,51.67153097870371,32.50000000000001,99.81481481481484,76.92404847222221,32.185185185185176,30.426111111111112,30.100851254259254,29.56259259259259,10.0,9.376557433129626,0.07407407407407407,27.59259259259259,6.786482334296298,1.6512962962962965,24,0,4,13,3.32
190,190,IL,2016,NOV,79.05555555555554,47.31366843037037,21.259259259259256,64.37037037037038,39.935185185,17.222222222222225,99.96296296296299,77.17283950407408,35.44444444444445,30.49703703703703,30.11713932833333,29.205185185185183,10.0,9.123985890685187,0.0,30.018518518518515,7.213668430388888,2.0812962962962964,21,0,8,5,3.47
191,191,IL,2016,DEC,58.42592592592593,28.81435529851852,-3.8888888888888884,56.88888888888889,23.170526605555555,-8.648148148148147,99.92592592592592,78.66726403888889,42.27777777777778,30.785925925925927,30.172699660000006,29.59185185185185,10.185185185185183,8.591259994462963,0.0,27.87037037037037,8.826532488259259,0.9303703703703704,18,21,9,1,3.67
