YEAR,ARP_TMP_HIGH,ARP_TMP_AVG,ARP_TMP_LOW,ARP_DP_HIGH,ARP_DP_AVG,ARP_DP_LOW,ARP_HUM_HIGH,ARP_HUM_AVG,ARP_HUM_LOW,ARP_SEALVL_HIGH,ARP_SEALVL_AVG,ARP_SEALVL_LOW,ARP_VIS_HIGH,ARP_VIS_AVG,ARP_VIS_LOW,ARP_WIND_HIGH,ARP_WIND_AVG,ARP_PRECIP,ARP_NUMDAY_RAIN,ARP_NUM_DAYS_SNOW,ARP_NUM_DAYS_FOG,ARP_NUM_DAYS_THNDRSTRM,MAY_TMP_HIGH,MAY_TMP_AVG,MAY_TMP_LOW,MAY_DP_HIGH,MAY_DP_AVG,MAY_DP_LOW,MAY_HUM_HIGH,MAY_HUM_AVG,MAY_HUM_LOW,MAY_SEALVL_HIGH,MAY_SEALVL_AVG,MAY_SEALVL_LOW,MAY_VIS_HIGH,MAY_VIS_AVG,MAY_VIS_LOW,MAY_WIND_HIGH,MAY_WIND_AVG,MAY_PRECIP,MAY_NUMDAY_RAIN,MAY_NUM_DAYS_SNOW,MAY_NUM_DAYS_FOG,MAY_NUM_DAYS_THNDRSTRM,JUN_TMP_HIGH,JUN_TMP_AVG,JUN_TMP_LOW,JUN_DP_HIGH,JUN_DP_AVG,JUN_DP_LOW,JUN_HUM_HIGH,JUN_HUM_AVG,JUN_HUM_LOW,JUN_SEALVL_HIGH,JUN_SEALVL_AVG,JUN_SEALVL_LOW,JUN_VIS_HIGH,JUN_VIS_AVG,JUN_VIS_LOW,JUN_WIND_HIGH,JUN_WIND_AVG,JUN_PRECIP,JUN_NUMDAY_RAIN,JUN_NUM_DAYS_SNOW,JUN_NUM_DAYS_FOG,JUN_NUM_DAYS_THNDRSTRM,JUL_TMP_HIGH,JUL_TMP_AVG,JUL_TMP_LOW,JUL_DP_HIGH,JUL_DP_AVG,JUL_DP_LOW,JUL_HUM_HIGH,JUL_HUM_AVG,JUL_HUM_LOW,JUL_SEALVL_HIGH,JUL_SEALVL_AVG,JUL_SEALVL_LOW,JUL_VIS_HIGH,JUL_VIS_AVG,JUL_VIS_LOW,JUL_WIND_HIGH,JUL_WIND_AVG,JUL_PRECIP,JUL_NUMDAY_RAIN,JUL_NUM_DAYS_SNOW,JUL_NUM_DAYS_FOG,JUL_NUM_DAYS_THNDRSTRM,AUG_TMP_HIGH,AUG_TMP_AVG,AUG_TMP_LOW,AUG_DP_HIGH,AUG_DP_AVG,AUG_DP_LOW,AUG_HUM_HIGH,AUG_HUM_AVG,AUG_HUM_LOW,AUG_SEALVL_HIGH,AUG_SEALVL_AVG,AUG_SEALVL_LOW,AUG_VIS_HIGH,AUG_VIS_AVG,AUG_VIS_LOW,AUG_WIND_HIGH,AUG_WIND_AVG,AUG_PRECIP,AUG_NUMDAY_RAIN,AUG_NUM_DAYS_SNOW,AUG_NUM_DAYS_FOG,AUG_NUM_DAYS_THNDRSTRM,SEP_TMP_HIGH,SEP_TMP_AVG,SEP_TMP_LOW,SEP_DP_HIGH,SEP_DP_AVG,SEP_DP_LOW,SEP_HUM_HIGH,SEP_HUM_AVG,SEP_HUM_LOW,SEP_SEALVL_HIGH,SEP_SEALVL_AVG,SEP_SEALVL_LOW,SEP_VIS_HIGH,SEP_VIS_AVG,SEP_VIS_LOW,SEP_WIND_HIGH,SEP_WIND_AVG,SEP_PRECIP,SEP_NUMDAY_RAIN,SEP_NUM_DAYS_SNOW,SEP_NUM_DAYS_FOG,SEP_NUM_DAYS_THNDRSTRM
1986,85.65152865,52.94928266,25.35190927,60.2741388,37.04937288,11.47987401,99.55887127,58.06937425,18.20468843,30.34829258,29.9498061,29.57745473,19.39118419,11.58038738,0.474197905,28.9187708,10.77036223,17.94735157,9.195065585,1.960944637,7.6110977,2.058520612,85.41566793,62.33868806,36.60210229,61.4676977,47.55592811,27.79523249,95.24699234,62.03115883,21.00558246,30.47485792,29.94898741,29.62980422,19.07395172,9.481743816,0.280723295,33.07254596,8.983943436,15.21271478,9.610446326,0.327268414,14.16183721,4.663440668,93.1807208,71.26315926,47.74689765,67.02136838,55.50202188,33.45004818,92.04105215,62.08151924,22.51068211,30.30650838,29.94796087,29.54046152,19.23859004,9.691249873,0.95001488,25.66610131,8.317022982,10.59887463,8.13534836,0,12.64929878,4.995008564,93.65109995,75.32513432,57.22450538,71.74037975,60.4406945,41.88219815,91.02475324,65.24713597,24.45237689,30.26359274,29.99056257,29.68494421,19.07395172,9.930979879,0.360830803,30.92458426,7.668663779,11.20169658,9.899297224,0,12.56132485,6.286502415,88.03294015,68.35575587,43.2405015,70.47020434,53.53562611,34.38789923,97.28810067,63.03769627,24.5738924,30.34292914,30.025041,29.74768248,18.78289385,10.92991608,0.123844228,23.55838222,6.839215925,1.162474939,6.987722752,0,11.84859101,1.872075842,86.35051496,66.41806004,39.84801352,66.09262096,53.11027809,30.55789629,92.97584715,67.47145287,23.05467168,30.37431964,30.02313014,29.5972302,18.77084968,10.10971943,0.061922114,31.47392529,7.953490162,6.65164862,12.01953392,0.109089471,13.9268984,5.663013009
1987,85.30544324,51.65641756,21.97024804,53.18163855,35.38206246,12.72151489,98.92371125,57.03835848,16.50798089,30.33670098,29.93624522,29.46921211,19.23859004,11.37966261,0.185989016,27.06423938,9.509505234,12.75823759,8.253307334,0.808173594,9.891666996,1.736127095,88.71771382,65.7651102,38.13341817,64.65267844,48.14175287,26.13819214,95.6772527,56.51648335,19.10651623,30.3179362,29.98936618,29.65022615,19.07395172,10.64725175,0.593883123,31.63221532,8.9755895,24.48669959,9.510036981,0.218178943,9.562605744,6.851200671,94.93574501,72.25019385,49.37809012,66.97559742,55.16392632,34.92941025,92.22430768,59.52250475,22.55053972,30.28520831,29.92951944,29.61100955,19.23859004,10.39084855,0.884930586,26.59836158,7.892496856,9.973803033,7.983505472,0,11.06876154,6.553994294,94.48655111,74.92408933,52.51540613,69.56445997,60.01914936,44.3089748,91.50356591,65.15263235,31.71045299,30.24479171,29.99005781,29.76019931,19.23859004,8.477436782,0.084195762,29.86455487,7.596662655,39.07510133,11.25080485,0,16.5224984,7.200000832,95.76916922,72.23645224,49.91357542,70.64570687,57.16058481,37.26117897,92.33671957,64.32754389,26.85453454,30.35750336,30.01385528,29.65603175,19.39118419,10.02803974,0.20450634,33.75419907,7.664999252,3.963128976,10.48110288,0,14.10064138,6.232161624,86.33070425,64.75789053,42.68535949,61.76186051,49.22163382,31.00419543,93.21054976,62.06054559,26.04226957,30.24447765,29.94681053,29.5595038,19.23859004,10.44569955,0.20450634,25.12488684,7.115134621,5.524179082,7.851273508,0,12.21270574,2.418011209
1988,80.91653157,49.53681381,24.44553018,55.833496,33.89801276,11.25257688,98.65075657,57.73801729,20.44369989,30.25187748,29.87994283,29.42464517,18.935488,12.05985954,0.275534158,41.45413331,10.78833476,3.927049506,8.654530584,0.460086198,6.650996935,3.396557501,88.64873586,63.28599867,38.00741692,58.06565867,44.089405,26.75934971,95.54451504,52.17450595,20.09087286,30.27345511,29.94404724,29.49460887,19.39118419,12.39841205,1.35871644,37.070596,8.760104461,16.87668863,6.618214945,0.109089471,3.626469493,3.238601482,97.44178322,71.36295775,44.10824456,65.33419004,49.943229,30.37923471,92.4623993,49.8229995,21.13792888,30.30504099,30.00639726,29.62364735,19.31488711,11.85769105,2.432953261,22.16221388,7.857639935,4.046167644,2.947843287,0,3.199813537,1.358669616,98.28580006,76.14700357,52.60109714,72.83987967,57.23987321,37.86004728,95.4312343,56.902112,18.96677162,30.23851146,30.00875365,29.74478865,18.78289385,9.744123355,0.521110332,22.143862,6.110167698,9.970760141,5.448720457,0,10.62628116,3.533360526,97.42007667,75.19963642,48.73293682,74.90880978,58.41353883,35.49276101,93.50309142,61.93933273,22.56193148,30.17875701,29.95049509,29.6715175,19.31488711,9.820439716,0.676996731,23.02384173,7.321953217,11.81251046,7.505148557,0,14.30725064,4.246500168,88.94307557,65.6308554,41.18663415,70.03545408,50.00106522,32.28554721,96.91980405,62.37097263,20.60374425,30.25263824,29.9869629,29.41960974,19.23859004,10.452191,0.274824514,30.06642554,7.966769475,1.215615694,6.366562058,0.109089471,10.95763678,2.242996693
1989,82.18815957,50.08859413,23.30763356,60.465318,37.33459904,15.09549387,99.19656811,64.12809026,22.25780868,30.50044262,29.98667517,29.46779957,18.935488,10.0509918,0.123844228,32.18374251,9.494008958,1.499827355,11.08841304,2.171660878,10.95027085,3.37052857,85.32874597,58.21872566,31.20470092,63.49889912,43.35556366,22.34328534,98.92785569,60.26938078,22.03025766,30.44604921,29.97681508,29.52723831,19.39118419,10.38685356,0.200037251,27.37501223,9.465762775,20.298641,11.23653186,0.8756251,13.47874295,3.267222381,91.52396868,68.93570908,48.27660903,65.38611679,51.88595985,35.85478843,92.75576819,58.14611181,23.25201083,30.28618672,29.96476253,29.64619646,19.39118419,10.01322989,0.398570932,25.12689299,7.292965304,5.808352306,6.356449119,0,12.68031395,3.649498567,95.76125492,73.61492401,54.75802511,72.97133332,57.00481045,37.36959001,97.15476679,61.52602608,21.66642492,30.29713581,30.02472622,29.557474,18.935488,7.787125459,0.232933699,27.95019385,7.07037829,8.208837818,8.600754803,0,18.21066421,4.906703737,89.35311421,70.99617423,49.53686712,70.14431671,57.40091445,35.36850265,92.3055348,67.41964985,27.29970158,30.25360075,29.98829281,29.68632911,18.935488,8.439581221,0.032927664,25.9379551,6.47766778,20.58469803,10.09217977,0,20.4390435,4.992007667,83.68906483,62.63880722,35.07340439,71.30119474,49.92390812,25.83371452,98.49190465,67.72388085,24.99074862,30.52432127,30.04862777,29.60425423,19.39118419,10.86462391,0.259979231,26.93721528,6.818782478,4.533883467,7.510475045,0,13.84340812,2.083987655
1990,82.22867584,49.92474263,21.47617284,57.84726746,38.16249231,12.17480537,99.80655973,67.24960153,22.31522737,30.5348108,30.02617387,29.24228533,18.935488,10.1186972,0.171011585,28.11658651,9.739326413,6.7964779,10.88168204,1.06740052,11.50493317,1.110901039,79.87973416,57.79617662,36.5425963,61.98937096,45.45437579,26.9750449,95.97022411,66.13633442,23.61362828,30.33323653,29.9245917,29.41155881,17.42891599,10.57243908,0.185766342,33.6794066,9.885366704,6.135517977,11.29176543,0.207769451,13.14651744,5.417529442,92.0158931,70.29549973,46.99868477,71.33850617,55.4449072,35.05135134,95.46803171,63.88413068,24.90765166,30.23922806,29.92975203,29.50072055,17.84459329,10.86542788,0.316412534,30.56118646,8.58037123,3.740527051,11.52419343,0,10.27391509,8.909698391,94.59671129,72.80931667,54.3550007,69.61743559,57.84611894,39.33135251,90.80425495,63.60016889,27.95408024,30.22581784,30.01101876,29.79494304,17.84459329,10.48646625,0.463786333,25.95750672,6.807467716,12.42991836,8.83106844,0,11.41543589,4.512603975,92.08327073,71.06130325,50.12798139,69.92526789,58.00763554,41.16407643,92.3961288,68.47068115,28.05341055,30.29268641,30.03494404,29.61357824,17.84459329,8.859621726,0.211792151,22.22677583,5.468755873,13.97768999,6.902694564,0,17.78090747,3.724216115,91.949864,65.27495626,37.73512818,69.97612705,52.12005909,30.27302751,98.72688196,67.64359359,24.54836501,30.32347002,29.99417873,29.65612358,18.30028948,10.13097027,0.032927664,23.82822779,6.281056471,8.864093259,6.433019855,0,14.69819447,2.406031553
1991,78.60505533,53.82040418,31.38111183,57.15058072,40.05179602,18.63052237,96.6898983,62.52838204,22.39498109,30.4987446,29.93831741,29.41162246,18.30028948,11.00402051,0.218694006,30.05450936,10.71633998,23.76615755,11.51837477,0.252316747,11.00369077,4.532825692,87.42817097,65.19795028,38.37461682,65.88062902,52.75537055,30.18855081,95.19690004,68.13677463,26.36436445,30.30365707,29.9739539,29.59975974,18.2239924,9.230688443,0.061922114,31.50056501,8.412938525,13.53511219,12.30631312,0,16.9029162,8.095885109,91.61690908,72.1564419,51.90196307,67.49800114,56.10872501,39.79652067,90.46334203,60.84798258,26.11588623,30.30549522,30.00374476,29.65280384,17.76829621,9.70658744,0.80371387,23.77963178,6.880911805,2.943158527,5.2501951,0,12.06352141,3.399047496,92.82417803,73.06055473,50.27272368,69.89637645,57.40603864,36.40980348,90.17767308,61.85585663,25.08618838,30.26742788,29.98506197,29.66739132,18.30028948,10.79437623,0.553159786,22.697284,6.593541235,2.969813443,5.924414648,0,10.01861617,3.560186505,93.95049977,72.2405277,53.83995147,71.2589772,56.77438492,39.32324467,94.10600533,63.17210859,23.44700254,30.28276282,30.02874659,29.73566742,17.84459329,9.319056673,0.380815278,20.63671874,6.169200918,18.92080712,6.414008278,0,13.84498557,3.968972349,90.18601503,64.82620508,34.9502927,67.47995309,49.85313061,27.72041297,95.4824587,62.82891205,24.13502788,30.42052861,30.04601322,29.42659142,18.30028948,12.13619345,0.729929681,23.53433551,7.310304302,19.97983001,7.306920793,0,9.310759318,3.023259032
1992,75.81177384,49.03276148,24.4821174,57.73210544,37.43755772,12.88548727,98.42729901,67.01853777,23.16297555,30.54366646,29.9931046,29.10494182,18.30028948,10.09488184,0.266651128,27.38976178,9.652667447,6.882518142,12.36254872,1.016296827,12.39812246,3.85959465,84.19645574,58.88148611,32.26880919,60.23825707,42.32491957,19.03070092,97.50951775,57.16156267,17.77488674,30.41285424,30.07340369,27.55837404,18.30028948,11.20023646,0.64909484,28.83027763,8.484745728,5.014282792,6.676342235,0,9.811703082,2.610054045,88.93848265,67.44575067,42.71638923,65.10113668,50.14774256,31.73906244,93.24502781,57.06986121,21.85169909,30.19642372,29.90481713,29.36331158,18.30028948,11.68809748,0.85715356,28.40465181,7.264178961,9.605037147,6.686941104,0,8.292739369,2.809657394,88.95840157,70.63400178,54.32018967,74.28536719,61.05367423,42.23490863,98.48600899,74.18421937,30.5263234,30.20738126,29.94645049,29.64968729,18.30028948,10.29859302,0.139608302,26.16097148,7.007315405,3.785270247,13.65345988,0,9.724530355,9.77585152,90.22555216,67.05764116,48.10093169,75.0829107,57.24264811,39.7423526,97.69130926,72.05848557,28.65377308,30.27907293,30.0569287,29.77427815,18.30028948,10.81340241,0.441722873,26.52008645,6.211910604,9.420146309,5.093260884,0,9.449308358,2.13552421,82.83531277,61.60126345,34.39541291,68.54426323,51.16162674,26.68846028,98.53090279,70.55799944,25.16656019,30.43708223,30.0475093,29.50815065,18.30028948,11.5244553,0.185989016,25.02582499,7.472969972,4.791412638,8.235159399,0,8.678525274,3.9143631
1993,72.00080017,48.30956668,26.8179005,55.74305184,37.38785205,17.22843964,97.27276322,67.31841354,25.18651969,30.26847191,29.90142078,27.20399325,17.40485367,11.09695774,0.845370565,33.60906138,10.00282696,3.808521299,10.67486988,1.754085653,11.53801691,3.191701542,85.22772687,61.34526683,39.20856234,64.13912862,48.29477777,27.20054919,96.50546904,63.77087497,22.54856687,30.26411519,29.93948453,29.59531442,18.30028948,11.23960112,0.383304233,27.10271517,9.164224122,23.88693753,11.22939173,0,10.86412409,3.386821234,89.91853772,68.40721825,40.36327189,69.40933629,56.24987503,33.19742655,96.45451414,66.62227875,26.13617871,30.2970929,29.95373911,29.56466309,18.30028948,10.48827576,0.477138451,31.7134029,8.417612685,5.375623997,11.62218146,0,12.01446029,8.84674615,91.22153154,73.74954349,57.4189685,74.95855974,64.10981768,48.18406819,96.83136187,73.27882845,35.9075268,30.20050002,29.97849827,29.6329663,17.86054986,10.0139905,0.513034756,26.94046279,7.480072351,3.896168394,13.26276682,0,14.88119715,8.051436664,89.44768409,72.15503736,51.10359858,75.57723876,62.43895885,40.32049038,98.5203934,73.36051784,33.45424985,30.26726608,30.0055424,29.63135492,17.74918162,8.987326813,0.157338983,26.00884141,6.148225358,5.884334298,11.58784907,0,19.87289682,7.87949068,82.67382935,59.95436996,34.00424433,68.94963717,51.03161198,27.57422746,99.46592047,74.28491238,29.68511081,30.33235903,30.00420342,29.53655366,18.30028948,11.18345057,0.032927664,25.70541473,7.448685217,1207558.492,10.41290948,0,12.58828402,3.433637932
1994,80.3987728,50.70582869,20.4317452,62.09566868,36.41404539,11.06303236,98.85386652,61.43845212,18.16226383,30.39225923,29.97164939,29.45777423,18.84007633,11.6457938,0.466879837,31.41408424,11.18038941,603666.2141,11.09326921,1.053588486,8.796749583,4.111964464,85.50709435,59.26876791,34.84474729,63.08490957,44.63087048,26.34312093,97.89908183,59.51379539,20.40739361,30.26676234,29.98524691,29.60337042,17.86054986,12.29114182,0.965444942,24.70390907,7.576965132,603773.7005,6.524037351,0.022273648,8.864851422,2.274166897,95.22304239,71.48341623,46.58914454,71.83355635,57.7074986,30.86581912,97.81908983,63.48981773,22.38418973,30.22852004,29.92867542,29.49257534,17.74918162,10.9073282,0.836902708,24.06591672,6.895240117,2.441205322,7.943175457,0,9.363072111,5.313921498,90.28135906,71.57052279,52.78114887,74.82336017,61.74538915,41.24935123,98.36866289,71.65922872,30.13602575,30.21501719,29.97338457,29.58485551,18.18892124,10.61059287,0.336113984,28.88369027,6.72422172,1.344898579,7.909333164,0,14.53064786,5.659922626,89.4286517,69.05276133,48.15796226,72.69519253,59.03621702,39.19618208,96.77397336,71.48877194,32.65228095,30.28640806,30.03324386,29.65406942,18.18892124,9.714436817,0.560485138,25.77282149,6.482361792,2.145890915,9.144151269,0,16.50174601,6.364353007,86.75108892,63.72031287,40.32543395,67.73623427,52.09785279,33.26352016,96.82531325,68.37117953,28.24241504,30.34407048,30.00481463,29.55949692,18.30028948,10.79276556,0.215145789,22.22046499,5.983394135,1.336415562,6.430988735,0,12.24374796,1.40186734
1995,74.78754815,48.60842506,21.71362453,58.30776258,36.3919152,3.980988423,97.35234318,65.14626896,23.7636981,30.30973122,29.90230231,29.36435964,18.1328157,11.55655324,0.154363059,36.60371096,10.59421339,5.80813344,13.22813164,0.363684985,11.84810509,3.521872002,79.69437675,58.62026212,37.91987792,66.10862539,47.92029158,30.89333913,96.28173365,69.16045567,26.84101593,30.24688012,29.91271739,29.44225444,18.30028948,10.75467015,0.9365816,29.18638546,8.844057972,7.933234559,12.79908766,0,14.97333114,5.874027882,93.00443579,70.13109386,47.58860138,69.13496961,57.3486412,35.37801208,95.93045494,65.63997835,22.9125713,30.30335456,29.95367387,29.43752641,18.1328157,9.007370407,0.066422419,33.66789103,6.738335799,6.152953792,8.178289073,0,15.15618919,6.407843121,96.90672039,74.30081495,51.53969529,77.0091338,61.96761207,37.77653411,98.63232873,66.61885232,23.43987072,30.18051254,29.93545819,29.68485172,16.8217026,9.936454017,0.332988223,30.03525742,6.980745811,4.659392235,7.573840378,0,12.76259825,5.082204182,91.52692899,75.57669401,57.32887188,76.45346841,66.31526033,51.20083742,98.61628372,75.58602275,37.04101156,30.24447357,29.96456066,29.71768718,15.45074325,8.608696195,0.310562658,24.92219727,5.514667325,4.118976979,9.336248213,0,18.47498247,6.220961328,85.38474017,62.41092442,32.17195951,65.92068434,49.5044052,23.86215436,99.19371497,66.01564396,23.86528637,30.32255429,30.01670183,29.67363751,15.78285535,11.49308611,0.945982815,25.39477195,7.050352359,3.987369148,5.526442023,0,10.11515162,1.0088643
1996,75.78487086,46.78346087,19.73767125,58.588489,33.30248778,9.056497816,99.06624657,61.75051423,19.53979622,30.39074812,29.89046166,29.34194628,14.26424958,10.98473528,0.157276551,31.64739877,11.36223816,3.850362438,10.27141365,1.625021071,8.13378548,3.830187109,87.99458507,58.84452844,36.37655326,68.58903736,48.97246042,25.73198681,99.06624657,71.57802671,22.30232268,30.32117813,29.98455807,29.56265117,14.26424958,9.277988271,0.357282586,33.2806619,9.658224543,4.77260719,14.23363814,0,16.10630605,8.818388506,90.94177802,68.99751882,46.39372829,72.86925496,58.59540225,40.02317995,98.28346926,71.2567284,27.02715063,30.26911516,29.94825631,29.66172236,13.93497294,9.291740549,0.233555938,24.96155959,7.473235244,3.521860868,8.945906856,0,16.43148923,4.459677268,90.93404478,70.23894012,51.51670576,74.2256406,58.36606798,37.18825842,99.08605311,67.40325085,24.28261602,30.376453,29.97513106,29.6829862,13.80257032,11.02989512,0.49658393,44.18255214,6.961424155,4.295474233,6.50277302,0,0.97813216,3.512479111,90.02075967,70.9087994,52.66831036,76.53910115,61.2712232,41.77522616,99.25390668,73.21734011,30.42314208,30.25844896,30.05427308,29.82261787,13.80257032,9.150310418,0.555679957,21.03278095,5.832614672,2.696304932,4.447577952,0,0.608670136,2.808778144,84.73344668,61.72652369,39.41311238,68.5545052,51.86091963,33.44887966,99.14481721,72.55807003,29.16920522,30.40748703,29.95881907,29.53953402,13.80257032,9.338080717,0.015259415,26.59760407,6.42307935,1.52142834,5.887374798,0,2.869729441,1.684426136
1997,75.04952208,47.53430783,19.46547304,58.17158076,32.63805787,3.527411799,98.88540715,58.62757745,16.53790037,30.46180355,29.97380317,29.20961366,13.80257032,10.50646306,0.193285233,38.69750459,9.38348376,1.122893191,8.181593805,2.127407013,1.501340206,1.39099169,84.86198579,56.50252763,34.52102605,64.92564144,42.19849007,19.24224335,98.1376958,61.73348736,18.90711163,30.35210458,29.96254974,29.41011627,12.08623208,9.900119015,0.510224276,36.95495221,10.03704837,3.029445229,12.41228932,0.230043099,1.063653561,2.706822566,90.604816,68.51383834,49.4814806,71.94363537,58.00681358,37.40153437,99.25390668,70.98780057,26.21708846,30.21784876,29.90974859,29.53629374,12.08623208,9.108539628,0.47629562,24.05546457,7.42113573,1.683565729,8.996440337,0,1.305176859,5.212177149,94.64442805,72.48331843,50.48509645,76.41662834,61.68029132,43.64995952,98.65878949,71.1079319,28.47093167,30.33608644,30.00184169,29.64894352,11.93363793,9.099468364,0.36213251,26.39622141,6.810811098,1.229300845,5.481435852,0,1.784702293,4.433805458,90.71588145,68.92164275,49.71459431,76.51120134,60.35446267,39.12541855,98.5344406,77.23367708,30.72131719,30.27818228,30.01228154,29.5574091,12.08623208,8.763177225,0.232933699,28.76448266,6.420640081,3.266794337,10.06085557,0,4.394713677,4.684442784,86.77883681,64.38035681,42.67673972,70.28454517,53.86227614,34.10027095,99.27750076,72.35675011,24.29372059,30.38031978,29.96232801,29.36959425,12.08623208,9.772390831,0.216285173,31.62044169,6.692723761,1.694039848,7.225959007,0,1.897306685,2.787809324
1998,74.79699931,50.07142228,28.63261488,57.22683097,39.31731984,21.34893751,99.19125099,69.32769992,24.34606668,30.30776199,29.8961759,29.41664678,12.00993501,9.49486001,0.574525049,32.40237304,9.491022213,2.827167638,11.53482976,0.294042117,0.573564637,3.825770046,85.81059491,62.66460865,43.19707485,69.1392847,53.0091239,33.28543379,98.47405847,71.88613962,23.9819915,29.75807677,29.40155595,29.01938195,11.91344639,8.255068923,0.211792151,35.30171917,8.144030869,3.504909921,12.52677603,0,1.515680831,7.273963993,89.28445569,67.19362136,44.11019244,73.49056237,57.90840511,28.00039228,98.47405847,72.61668574,23.6425426,29.77349878,29.425394,28.92670422,11.16182264,9.193313605,0.255207347,34.77218572,7.735146982,5.518465776,12.17111668,0,1.587789762,9.256631837,92.51740083,72.37579231,54.18327531,75.21799373,63.17946772,40.32356828,99.83214643,74.50583375,29.74024865,30.37442639,29.99341258,29.80752018,11.51114515,8.719566197,0.154363059,25.09053989,5.253894049,2.324003534,6.713264506,0,2.404761062,3.841880618,90.76704341,71.62061685,52.91306139,73.51574014,63.15185483,39.72363446,100,77.37763878,32.51670472,30.29891339,30.00816443,29.63277062,11.46701094,7.523150771,0.061922114,28.92858198,5.160668561,2.343746033,8.027153747,0,2.562038654,5.09067516,90.04521532,67.498743,43.47285978,71.02600084,56.88173736,34.9625148,99.90844351,72.97014049,29.77273825,30.247173,29.93341913,29.63674434,11.46701094,8.383031232,0.022273648,24.66071655,5.642690846,1.324470598,6.948660106,0,3.37244315,3.32538609
1999,76.8175925,50.75465279,30.51985961,61.45351107,41.78429449,23.45321868,99.14481721,74.00388821,26.00376465,30.40546926,29.91713255,29.21074407,11.24427447,8.718693101,0.457094666,38.97122406,10.32754137,147.4913487,13.23216891,0.442041276,1.036135627,5.184877727,84.66705132,61.31276362,40.11655634,66.90263109,49.20827183,30.44041804,100,67.33595458,21.70876004,30.31179156,29.93826522,29.46104278,11.09168031,9.235844573,0.758677524,30.34092749,8.615204549,216.7779266,10.17634015,0,0.503447286,4.198103941,89.98082506,69.53814004,45.88105772,72.12187138,59.59945261,38.58523213,99.34546317,73.48479837,29.97530191,30.32740327,29.98163005,29.60529812,11.09168031,8.282564275,0.211792151,29.02565434,6.274762221,145.6794364,10.00349931,0,1.875465899,6.284810509,94.10568381,75.03877905,52.43508219,78.48818579,65.60022289,38.37318713,99.90844351,74.02896582,28.25638627,30.28607517,29.9973479,29.63214456,11.09168031,8.943343083,0.167978432,25.18630846,6.461548079,145.1036363,6.73896775,0,3.201809279,5.480405725,87.61824096,68.96440951,50.61111331,72.29284238,59.62257055,42.18955076,100,74.68009406,32.94284353,30.26238773,29.97810772,29.64031198,11.09168031,9.001982752,0.486304506,25.15326426,5.887487343,216.809379,6.466232626,0,3.390721152,2.877156765,89.57818356,62.99755974,37.93420606,67.08641314,49.27332309,28.85585185,100,65.42041352,21.38489729,30.30170154,29.96918232,29.63398459,11.24427447,9.68530334,0.759731584,25.77206918,6.532108869,290.9056129,4.437216325,0,1.570535646,1.460350493
2001,81.85053057,54.56367787,24.34669933,64.43280134,41.23780655,12.33853218,100,64.26543364,21.7600656,30.44110068,29.98476831,29.42538903,11.09168031,9.328809616,0.832501254,34.07089463,10.55591172,1.545514887,10.17139138,0.828004071,0.252316747,5.295388566,88.09978711,61.31942202,38.25037927,65.10074752,49.04781447,23.43222073,99.2363737,67.29776722,22.31813566,30.31650763,29.92404233,29.4432035,11.09168031,9.030176193,0.387399771,33.00453048,8.245648676,2.346212346,12.02286779,0,0.845565145,5.435579566,90.08229991,68.06400051,47.01192347,70.63718178,57.11923413,39.43108238,99.81423366,70.14705481,27.99317098,30.32289976,30.00300925,29.54419238,11.24427447,8.459136226,0.329420236,29.58836101,6.348294824,1.84120116,7.458532682,0,1.005785363,5.615190116,94.23217827,73.21360687,49.44913043,76.39119772,63.05177739,38.68538655,99.24668018,73.18283013,28.57594121,30.26129101,29.98254301,29.75389946,11.09168031,8.288016267,0.109089471,24.75560795,5.55654346,1.713489885,8.339116962,0,2.714498578,6.631848007,92.30374196,71.75912489,50.82282534,75.35939071,62.96235399,45.20620761,100,76.93203789,34.38649763,30.26625806,29.98664982,29.65156249,11.24427447,8.05427027,0.032927664,24.78619858,4.984081424,2.823496128,9.408179213,0,2.96368332,5.183157726,86.75375164,62.2161148,36.66156251,70.42616482,52.70263366,27.47346537,99.34546317,74.62490023,27.81657694,30.36960754,30.01101026,29.55660205,11.24427447,8.717211837,0.106056318,26.59050035,6.128115789,2.752697342,8.430785831,0,3.183947491,2.826334015
2002,84.87389157,50.12892542,21.95486064,64.99703552,39.98405783,14.3919802,100,71.15919149,24.67129253,30.50831369,30.06055932,29.44066935,11.86349561,8.47780793,0,45.75036471,10.08369977,3.057654181,10.00123095,1.258761807,1.600865099,3.911773214,87.67718507,56.94108584,32.65986019,67.13388537,47.00069163,26.0611979,100,72.03021556,24.5953638,30.48755446,30.01222967,29.43832374,11.09168031,8.847683089,0.292454263,31.38249054,8.866848255,3.684829956,12.48227972,0.022273648,0.878757104,6.747273283,92.424706,71.01139747,50.19980937,72.33990777,59.98389162,40.39183036,99.10466304,70.60044005,30.43792805,30.33605633,29.96448567,29.6864512,11.09168031,8.580502656,0.419652129,27.2208375,6.977890143,2.893771869,8.133025891,0,0.928037784,6.341834834,94.84753591,75.24862541,52.84420309,75.71230826,64.15872816,36.83544908,100,70.89716816,26.95891144,30.26600807,30.01683572,29.74738991,11.09168031,8.695154299,0.31267494,26.05612322,6.160026914,2.70696667,6.169314476,0,0.76962185,4.283024954,92.08055286,71.84145823,52.78848983,77.12943189,62.98035806,46.5906273,99.34546317,76.76325731,34.82207095,30.30409915,30.03247497,29.73429512,11.09168031,8.177279789,0.106056318,25.25580253,6.400669653,3.693875975,7.717363165,0,1.817882807,5.464595867,88.56925891,66.32556423,39.71523007,71.5381168,55.58598263,32.19231754,99.34546317,72.71744991,26.39383443,30.36101626,29.98291417,29.55122261,11.09168031,8.398914204,0.171633824,22.08883134,5.856855586,2.578286981,6.167093979,0,1.346594232,2.258514161
2003,82.47928715,50.69432736,24.94144505,60.24296132,37.962389,16.7431715,99.2363737,65.76885283,18.27430737,30.35403214,29.94595234,29.48769862,11.22408293,8.714344509,0.440703151,30.32047581,10.15600207,1.795587287,9.747494917,1.632061317,0.713943974,3.176986325,83.3585666,58.51571302,36.47849947,68.74987462,48.23146494,25.38940488,99.2363737,71.43235039,25.16276224,30.36102982,29.92276296,29.3866269,11.24427447,8.542834746,0.564770053,31.95006795,8.909317086,2.981853012,12.67728288,0,1.233785896,6.885720351,90.50536811,65.98466497,40.13809745,69.71248931,54.74931713,29.79657685,99.34546317,69.94109658,25.26902666,30.19604037,29.93057022,29.65000384,11.09168031,8.420891057,0.061922114,24.92165203,6.591246066,4.015295376,9.211298939,0,3.039287401,3.939302593,91.61575408,72.04608389,53.39763237,74.63686338,62.65390351,47.54929525,98.53638848,74.32204339,36.81605355,30.1983625,29.96962181,29.64253579,10.47963885,8.739550717,0.288135011,30.62001715,6.685702903,7.422108265,8.005774958,0,1.181677048,6.579332311,95.67054439,72.67219376,54.63850326,74.96045247,62.9310752,46.29264572,99.34546317,74.67033249,31.75235941,30.3424304,30.00976545,29.76754295,10.47963885,8.175319861,0.342538234,19.77522304,5.652381515,3.857425295,6.824242544,0,3.059811913,4.080557018,86.03963598,61.97672286,35.46609528,67.88716045,50.70659663,26.49579104,99.34546317,70.69303346,25.76636706,30.36292695,30.0146986,29.54294602,11.24427447,8.409657845,0.032927664,22.87919413,6.349231358,4.198979133,7.343187527,0,1.905474868,1.842844151
2004,83.96498191,52.00407625,23.41776356,60.58308968,38.14406556,12.98935119,100,62.14766397,21.46396218,30.26312893,29.97548889,29.51462939,11.09168031,9.163323955,0.684233637,43.38301184,9.949208709,2.43895364,6.552115091,0.089094591,0.165449937,1.014158531,87.12343114,63.19745965,36.13337447,71.09257621,53.95506563,27.74403931,98.72624203,74.84228619,28.52541294,30.33644604,29.94314588,29.43947735,10.11241397,8.586566968,0.232933699,30.86218454,8.835731639,4.846200994,13.90759235,0,2.730813093,7.846335139,90.04423097,67.93632098,47.37952086,73.35850833,57.73439093,39.20215161,98.63468554,72.15084935,30.70974854,30.28542893,29.99759193,29.63786567,10.47963885,8.932840814,0.364541343,27.41394481,6.676357219,2.624715716,9.166578915,0,0.950646483,4.459454594,89.41475538,70.60752934,51.78782805,75.68553638,62.34982962,47.14059993,98.82045188,77.95868363,38.88106293,30.28870015,29.95179297,29.62500873,10.32329358,8.226840506,0.255207347,28.94942698,6.209774457,3.084994516,9.920293097,0,2.890334073,5.813796634,88.66714392,67.09255833,46.36058524,75.01903655,58.52486117,41.17731721,99.34546317,76.89036772,32.81489023,30.31604451,30.00878954,29.71170387,11.09168031,8.530128311,0.061922114,26.16775888,5.86525524,3.060643008,9.297905615,0,4.373634561,6.552195212,84.91896017,65.13849299,40.2493814,68.57782458,52.64606883,33.43513942,99.14481721,68.90913852,24.33686837,30.3104977,30.05852259,29.72353845,9.867597389,8.786180994,0.153803252,23.24911399,5.881585724,0.339805368,1.792999503,0,2.408631845,0.769540688
2005,80.53034714,52.19802828,28.80000853,59.26084391,37.61813151,13.79221286,98.71136241,61.52640326,19.40690976,30.39221167,29.95407751,29.48032263,9.867597389,9.123565331,1.161892355,30.04453585,9.394815964,1.806754182,11.09053885,0.066820943,0.759925123,1.943304483,86.78658358,59.72516347,30.45382635,64.02376681,44.13321775,18.37173767,98.29900754,60.26301631,18.15210302,30.33691548,29.96366368,29.63145951,9.867597389,9.225931685,0.468196111,28.54711013,8.386551199,1.123656719,7.435016638,0.207769451,0.970655931,3.804530688,93.5648304,72.68353024,50.12434993,71.45529038,58.98408474,40.57390905,97.98948437,65.56642877,24.99435407,30.20741224,29.91823512,29.64577354,9.867597389,8.601845559,0.633109133,31.47534249,7.318827645,1.908118935,7.054671681,0,0.540693161,6.104082427,95.11443573,74.07264283,52.62602935,74.90687647,62.07175042,46.93829015,98.63859066,70.02724414,26.75452684,30.25636013,29.97403645,29.69448742,9.867597389,8.446627475,0.477461016,24.72784237,6.319505703,2.209449017,7.606893947,0,1.69062459,3.98188016,93.48612866,72.92700319,53.64546962,73.60783043,61.80348025,47.27589834,98.91200837,71.74478184,28.41914435,30.22581244,29.97492891,29.5903545,9.867597389,7.816606744,0.146117876,26.94881306,5.456719705,3.166173976,8.284231972,0,3.23525825,5.730575852,90.26783213,67.81993491,38.68871729,68.37298111,55.25346879,28.20893381,98.8029189,69.1485897,24.37899955,30.27834379,30.00818541,29.62747908,10.02019154,8.143588167,0.061922114,32.52660226,6.145529177,3.386115878,8.009783091,0,3.103052299,4.517027281
2006,79.78409774,52.70300107,25.37162009,59.95853268,38.94368497,15.73392949,98.30230083,62.97124529,20.03996687,30.2934076,29.90614931,29.39802342,10.02019154,9.123854217,0.240697115,36.97861081,9.731129034,3.574846709,11.52766777,0.419272335,0.940644881,5.798093952,90.9737536,60.25027828,38.88224913,67.53081954,47.98269728,26.46064288,98.67450153,67.840148,20.60232809,30.26604643,29.88915698,29.45594139,10.02019154,8.762427236,0.328288136,30.38363824,8.001379445,3.599302999,13.40765583,0,2.02259101,5.446421919,90.22737517,68.77137549,48.51702832,69.45089101,55.53400423,35.8097063,97.71384512,65.25409072,24.61409964,30.18537995,29.99061962,29.75305057,10.02019154,9.210017696,0.704392922,27.76703092,6.829153235,2.872659623,9.769283676,0,0.750251289,5.13218618,95.02654295,74.76412495,53.43686983,76.26468972,63.99422682,46.00402374,98.25135321,72.31002192,30.91555763,30.31346117,29.9740493,29.70727634,10.02019154,8.497741339,0.156771892,40.55384446,6.363983719,3.017728059,9.341626728,0,2.774649705,5.894201734,92.02376057,71.45076638,53.04478974,73.45718207,62.11104292,44.88492955,98.3626507,75.19072159,33.75339058,30.19679983,29.97796815,29.73082055,10.15259415,8.333212139,0.156771892,25.73165697,6.354989755,2.862033888,9.924464594,0,1.722284885,5.269639539,84.65862924,62.14803402,38.98302579,67.26921812,52.04407149,31.99722802,98.59453138,73.21960593,30.06335597,30.20857792,29.93832488,29.49648038,11.37667708,8.562799283,0.061922114,25.88955784,6.697462869,1.982726966,9.202371166,0,2.905789109,3.986244155
2007,83.9179134,49.10759093,22.07768515,57.91093871,35.10114684,7.160166111,97.56192003,62.36891075,21.52840551,30.33410004,29.9305467,29.26438407,10.15259415,9.160547639,0.71448297,35.75152594,10.22580601,3.304016181,8.436652356,1.719885417,0.655093513,2.928490416,87.41162442,64.84515991,38.44801289,63.75006711,48.64597942,23.95509476,96.9623556,60.69554399,18.71662231,30.33810893,30.04502449,29.77668178,10.76463562,8.835411994,0.331613679,32.72250132,8.39565415,1.660528403,9.087763749,0,1.350629418,2.709266778,91.04744934,70.18448715,48.17388033,70.50494669,57.20167335,39.85506521,97.37649082,66.80867104,24.35477594,30.24124238,29.95356536,29.51654537,10.15259415,8.728697655,0.255207347,31.43628609,6.573956432,3.129541692,9.83600889,0,2.964302437,5.133871844,90.07921161,71.74200184,52.78389692,73.48714005,60.0942118,45.94371133,96.71528938,69.83832908,32.63520893,30.23348558,29.97461728,29.73279963,11.37667708,9.111929018,0.634767743,24.81408694,5.51733454,2.1647624,7.262640914,0,0.840268832,4.685435453,94.58891978,75.34275262,53.31320457,74.56138312,63.46306625,43.51238546,97.3480645,70.7663766,27.6767085,30.21169889,29.96276818,29.7108321,10.15259415,8.725323141,0.249660266,28.59303093,5.713500807,4.443353591,9.806214271,0,1.849982207,6.304523405,91.65025087,67.66018116,37.93748582,70.05335437,52.90270251,28.1567001,96.51046048,63.97042386,21.74612141,30.33422902,30.01358191,29.71931889,10.15259415,9.284058169,0.606280032,28.55603062,6.342292703,52.13906441,6.502054012,0,1.607826264,2.104369614
2008,78.29196001,49.18592218,25.25283909,59.27656949,37.03984492,17.5217076,97.14114621,66.70492796,25.82758265,30.48672753,29.98700765,29.43267985,10.15259415,8.842646311,0.382803737,36.52745446,10.14797103,3.922107875,10.64443325,2.242298496,1.176444208,2.227575995,83.15859178,57.65345004,35.55222851,65.46530447,44.71124084,25.44404118,96.7333187,64.58385752,20.50467928,30.35408573,29.86693004,29.19895118,10.77181529,9.27887014,0.454021972,36.76132776,9.225872139,4.138498818,13.0969631,0,0.943281591,5.210328122,89.72622122,70.73463729,50.74961969,72.26869682,57.62128618,39.40906887,97.60509487,66.59968115,25.4482262,30.20025426,29.90114667,29.52864851,10.15259415,9.398528964,0.123844228,39.01688369,8.233862028,5.187314593,11.41047463,0,2.044626376,7.762237187,90.11202794,71.91976478,43.17503741,73.51105878,61.48532053,46.19644533,97.99038131,71.49574838,31.55051579,30.16844463,29.9391885,29.70117887,10.15259415,8.990742916,0.440703151,31.33737199,6.222479633,5.477386608,10.55661748,0,2.332326444,6.867746185,89.29479234,70.11580239,50.59079794,75.07020059,59.22578235,44.79502022,98.54768034,70.94243057,30.97130522,30.20752346,29.96204352,29.69527792,10.15259415,8.990983346,0.099350083,31.49925602,5.272840386,1.121136408,6.249621766,0,2.081358228,3.566133151,89.05311192,64.95788117,36.64820206,69.86795949,55.26389098,30.21511665,98.32841924,73.92789665,28.66101102,30.30111646,30.03727029,29.439105,10.76463562,8.45338468,0.033494755,25.60017731,5.316476978,16.60240244,9.636882106,0,3.457203922,3.305925003
2009,81.79099231,49.18128381,24.30799566,61.01883573,36.49519115,11.22422756,99.49972426,65.30024862,21.99763487,30.40376007,29.95976621,29.42570747,10.15259415,8.809706011,0.445515615,31.49679828,10.56878432,4.756243858,11.47842663,1.152757516,1.261375626,3.747099514,85.7231298,60.76944772,37.56995815,66.42876304,47.59953307,24.7101273,99.45160689,65.48695617,20.77900433,30.37152617,29.98588278,29.60611492,10.15259415,9.197562195,0.331613679,34.38473497,7.580140721,3.701291317,10.66420546,0,1.369365254,4.921850775,92.00692683,69.76966611,46.27831342,73.53928428,58.37582481,36.6262541,97.88040947,70.09088826,28.66669025,30.14507527,29.87511848,29.59723583,10.15259415,9.021583532,0.157338983,36.08130308,6.97657587,4.370534527,11.71541425,0,1.89608718,7.50417774,86.88669013,69.03128215,52.4114288,70.04067027,58.43427293,44.85520984,98.53907513,71.22382934,32.96710251,30.18479944,29.95688314,29.65479308,10.15259415,9.073900561,0.364853503,29.66490886,5.766379348,3.138970299,9.359123289,0,1.716164471,3.841028421,88.68400576,68.78283027,46.58022197,72.70632623,59.37781267,41.16582037,98.78676359,74.23459462,35.45435598,30.28243362,29.99276758,29.65603114,10.15259415,8.631043205,0.022273648,31.58174531,5.87978354,3.825248349,8.963989237,0,3.647081409,5.558801556,83.43076086,64.39101483,42.64546338,66.92024627,54.11642944,33.262643,99.54081594,72.74699707,29.26875821,30.33006595,30.02856148,29.46003338,10.15259415,8.067115555,0.156771892,27.50399252,5.171381758,1.532051333,6.530552128,0,5.382801656,1.182262868
2010,80.64481409,54.96829344,26.82781886,60.90509507,39.95916078,13.60361627,98.62268924,61.00708749,20.02352333,30.36014459,29.88595435,29.20628607,10.15259415,9.281651797,0.032927664,35.93041852,9.634400469,2.21354969,9.369913615,0.207769451,1.243164219,3.467076498,89.64561634,62.11525725,33.50640136,68.37867698,49.59602273,25.35045357,98.28801743,66.7919105,20.46679555,30.43027913,29.96418903,29.50507562,10.15259415,8.946739584,0.232933699,33.70550213,8.253716062,4.487910667,12.24942615,0,2.12343738,6.655872872,88.80641405,71.65370589,53.58404176,73.35271152,61.88223533,44.9242388,98.81322538,73.53491023,34.65514762,30.26160232,29.92123936,29.5666696,10.15259415,8.95256859,0.123844228,33.47465262,6.712447098,4.965057489,12.92331272,0,2.941439848,10.09299035,91.37134435,74.71671877,54.08141338,74.94167189,64.55301139,47.23837152,98.61395812,73.24230034,33.72115279,30.31560189,29.96249626,29.68137491,10.51981903,9.200836682,0.156771892,28.14276632,6.153537043,4.651984775,11.29136274,0,1.892078007,6.486308668,92.56841816,74.31201472,51.95959194,75.25270591,63.12983345,46.54973227,98.61395812,71.71148969,30.05159378,30.23137314,29.95407809,29.67381443,10.15259415,9.119542336,0.156771892,29.31647497,5.559450455,1.781701838,6.218092578,0,1.833881,4.552774789,90.94846032,65.46694525,41.00561368,69.55854975,52.32044834,33.61572599,98.91200837,66.78592055,23.51202544,30.21523829,29.96283031,29.69021712,10.15259415,9.399890744,0.27419187,30.19429767,7.371802945,2.945011592,10.0367433,0,0.768754045,4.338050416
2011,81.69451514,50.92246115,25.82461714,62.18179775,39.18226817,12.9694999,97.24804848,68.25679371,22.6379986,30.40054635,29.82443058,29.24560361,10.15259415,8.780052117,0.185766342,37.76049534,10.71706391,5.00242183,14.01114307,0.526907141,1.622316726,5.760649334,89.40481205,60.65804614,33.36381609,67.41957513,48.94654547,24.12092761,98.7581916,68.90211656,27.57692452,30.43355211,29.90207998,29.48818396,10.15259415,8.959035998,0.139103643,39.69208342,9.244712633,3.447014508,13.01966607,0,2.394606502,5.464389842,92.78550975,70.17073519,51.29855595,71.06494798,59.094331,40.97183277,98.90539579,70.35066341,26.47016896,30.27167256,29.90259637,29.57374574,10.15259415,9.161814315,0.289196355,39.18304847,7.87033836,3.747365579,11.9035426,0,1.781998989,7.766271334,95.21030835,76.85953165,57.56974588,76.96031095,65.78503412,50.76519022,98.71274112,71.81196473,34.46177498,30.1299358,29.93493464,29.72524424,10.15259415,9.00510905,0.061922114,28.54486882,5.497815653,1.977291332,7.488567665,0,1.826046828,4.609833452,93.29909807,72.50782581,52.14099533,75.48848234,60.95071771,45.73264339,99.26849495,70.29525967,34.19295955,30.12352636,29.89719545,29.57045861,10.15259415,9.203380785,0.032927664,26.91670638,5.10682403,1.686646935,5.92205576,0,2.248747719,3.955472475,94.28162023,62.23639954,39.9734019,69.42360824,50.91751182,27.4810186,99.5665452,70.1629734,25.92664139,30.34599201,29.94539045,29.51027315,10.15259415,8.691841979,0.207769451,30.83834801,6.677913405,2.883735139,9.280761795,0,3.840736031,1.315437554
2012,80.05181022,52.07392473,24.16934985,60.73993545,37.67662755,10.80530901,98.2802613,62.35990251,17.51344473,30.36389465,29.98067063,29.54030527,10.15259415,9.297172074,0.699420215,33.87606212,9.453805992,3.174967879,10.90516167,0.022273648,0.458934328,4.281125981,91.52972386,65.17527734,39.84904469,66.53617309,48.81752599,26.19620185,99.00588005,60.0536297,17.17473149,30.2355443,29.93792464,29.54063725,10.15259415,9.499354415,0.351400453,31.5242413,8.227540496,1.854151997,8.191804555,0,1.010166007,5.35303409,96.9427041,70.66034696,46.00704545,73.49097858,54.81099191,36.50486657,98.34054249,61.23365489,21.75291193,30.1848381,29.93255035,29.66508491,10.15259415,9.782017579,0.762707508,28.45088268,7.481113148,1.091642367,6.635608493,0,0.343186486,2.593723922,99.79118273,78.1835294,57.78608412,73.73366728,62.8986969,45.78902363,97.95909457,63.72194805,24.03402647,30.15789792,29.94745427,29.62489793,10.15259415,9.690528324,0.491229348,28.76136314,6.188818762,1.137085134,6.60688146,0,0.470141908,4.465859074,95.10295761,71.78331694,49.88113992,71.69941293,57.72353171,41.22724094,99.46606094,65.44420397,23.46646154,30.17035489,29.95764406,29.7002796,10.15259415,9.438242156,0.234520512,32.94097993,5.509271685,3.014735783,7.851139279,0,1.550811304,4.004621007,89.18264474,63.34026266,35.29624076,70.32473784,50.67044297,26.68910645,99.18321287,68.36288565,21.97907072,30.31900987,29.96855716,29.61788087,10.15259415,9.245215387,0.123844228,29.76196769,6.692488462,3.49784951,8.898025693,0,2.880449011,3.620605049
2013,80.44826782,47.86408538,20.15878116,60.42984623,35.46413505,-2.65141835,98.68163439,65.69552449,18.87248581,30.501031,30.02312599,29.51617557,10.15259415,9.078472345,0.391062447,34.73654123,10.21556079,5.598044027,11.78005319,0.92275916,0.782894887,4.63339632,89.86072155,61.87680866,34.58953786,68.67387201,49.67726734,19.89513301,98.13897046,67.60565397,19.13703298,30.42874777,29.97065108,29.63766344,10.15259415,9.165027413,0.232933699,33.78348175,8.883462998,5.059859929,13.82635691,0,1.746458546,6.827006199,93.40725834,70.38189032,47.30170564,72.88951726,58.80527585,40.87909632,98.35470935,69.87943494,28.59585077,30.18807818,29.92507354,29.60718117,10.15259415,9.376740031,0.149870037,34.58765033,7.477039184,4.192826967,12.93354845,0,2.320883704,6.853453425,93.36426456,72.35856913,49.85506105,74.33714723,61.98157894,44.54620799,98.1242157,71.99576053,32.2443858,30.31496589,30.03552665,29.70947985,10.15259415,9.22053726,0.554642546,27.43811951,5.881561636,2.593191445,8.347090566,0,2.455286219,3.17266083,93.84521865,71.84172242,49.91805595,73.11071062,60.89341466,44.42036906,97.91304058,71.48861254,33.91877808,30.24492509,30.00785766,29.69725777,10.15259415,9.162286079,0.109089471,26.5673256,5.238627227,1.378581441,5.847971897,0,2.644065945,2.55918135,93.30613935,66.7980892,42.26259409,71.82026979,54.30150052,32.3107999,98.72624203,68.03088513,24.79571529,30.2981828,29.96804189,29.65532995,10.15259415,9.363251083,0.218694006,26.1472146,6.3973918,1.301582713,6.941334754,0,2.368037534,1.743920686
2014,79.62316684,51.31664697,24.54624024,58.91329655,36.23371004,9.931973079,97.44630954,61.07597465,15.1978719,30.35841197,29.91130205,29.40685697,10.15259415,9.333184017,0.668242727,35.16201306,10.37523608,3.308419264,13.00584988,0.999637895,0.751560279,3.936295453,88.35005296,62.77259643,36.33910448,67.23693247,48.09548769,21.09563122,96.55021716,62.89585095,19.6185552,30.30844521,29.99023922,29.6883322,10.15259415,9.537336738,0.804790822,33.75849855,8.974722837,3.034388635,11.17315404,0.207769451,1.463732225,5.899747775,89.13846372,71.00072324,49.16663406,74.03856527,59.89670609,38.59780385,99.07220778,71.28432829,26.85235566,30.13665637,29.91334711,29.62511237,10.15259415,8.946018574,0.218178943,33.59804525,8.131055954,5.493046935,13.84253511,0,4.301051146,8.60881373,93.84697923,69.53381843,50.71937139,74.21335087,58.5281245,44.68039927,98.56757741,70.49235712,33.78918179,30.3007763,30.00127487,29.64389063,10.15259415,9.422737813,0.28061612,31.63113004,6.640192779,2.428683757,9.495698437,0,2.217398543,5.176212169,90.89095735,72.26359713,50.67789783,76.05931454,63.05864772,43.45307301,98.01775045,75.5209947,29.91904134,30.18726035,29.96012925,29.69555948,10.15259415,8.593721169,0.247688456,29.82066623,5.866340761,4.025912849,11.77707519,0,5.004267226,7.259139521,91.92147722,63.87051459,39.32279724,71.92558005,53.06857244,34.90219511,98.61993182,70.98976105,28.10168712,30.38268813,30.04363707,29.55728953,10.15259415,9.253711269,0.28061612,29.11530145,6.217875974,3.105514034,7.529902835,0,4.055057718,4.412041671
2015,78.8828953,52.57328817,25.90873486,61.8059198,37.28833257,11.73939749,98.64747681,60.30074152,16.79787024,30.36427051,29.920943,29.33005065,10.15259415,9.158825453,0.364541343,34.56277951,9.528798899,2.739780442,11.12129804,0.274590394,1.776208423,4.189540355,84.88474537,63.42802033,35.76794555,67.59962374,51.22495264,29.97614474,98.47272763,67.50787801,21.84965964,30.43211198,30.04792001,29.77281494,10.15259415,9.192639901,0.20393925,31.97878666,9.271944084,4.577082533,13.85663433,0,1.490797527,5.521459951,91.47356526,70.89686796,47.81379976,73.31150226,60.7630651,41.74320792,98.374647,72.8554286,32.69520398,30.26785414,29.93770169,29.64343943,10.15259415,8.776848767,0.123844228,40.92378304,7.503915525,6.465530901,13.57233889,0,4.206530176,10.16723965,90.70193518,72.87864218,54.52986434,76.9587949,63.47297471,49.01485049,97.22006543,74.22745805,32.24545131,30.18517948,29.93611351,29.57342682,10.15259415,8.844564521,0.269691565,31.47629146,6.044701966,3.820778116,9.391236216,0,3.508345074,4.724758232,90.46547616,70.88536623,50.22289152,72.16426997,60.34324241,41.44315361,98.07386743,71.73779289,31.22207158,30.21170099,29.98808806,29.64433913,10.15259415,9.248390816,0.28061612,25.34274218,5.933962142,2.931900814,7.129545308,0,2.308488876,4.609559792,91.11822431,68.6286706,43.92681516,71.26141725,56.46676021,36.75890332,98.09752915,68.73802347,27.39182412,30.26264624,30.00623966,29.6669975,10.15259415,9.344773646,0.455680581,28.92429291,6.483753362,3.815672663,7.487877791,0,1.742016511,4.006889368
2016,82.08972515,52.32539456,25.59482064,59.31365616,38.90698546,12.13584261,99.24695696,63.49577918,18.66095692,30.40274532,29.96591061,29.54828945,10.15259415,9.046672341,0.691809757,39.16548011,9.512474787,2.662588679,10.29737702,1.718848005,2.704256612,3.283336073,86.82275978,61.31701833,37.12367254,67.55097363,48.98934207,24.68745721,98.78251301,67.64689301,21.92376432,30.27166095,29.98397662,29.64588107,10.15259415,9.231302636,0.572066269,31.25858492,8.051852418,2.985319725,13.48847506,0,2.162346027,6.8272809,93.43615602,72.66955472,49.71811339,73.62798451,58.86163907,37.09409123,98.28024777,65.58474609,22.04933375,30.24132367,29.9657832,29.65540643,10.15259415,9.552368298,0.423862125,26.44986088,7.022660691,2.645323507,6.59905041,0,1.866101102,4.338305346,92.43346104,74.19549311,53.96824606,77.71582109,64.99375784,46.25977945,99.33605155,76.11639223,35.74499972,30.26198977,29.9868552,29.71698834,10.15259415,8.992091312,0.247688456,33.61347116,6.212371661,5.552655409,11.30497916,0,4.765972701,9.193704568,89.77161135,73.97613447,53.15278457,75.19729753,65.72254113,46.37041203,98.52697686,77.62161984,40.55820845,30.24934357,29.99896331,29.63998876,10.15259415,9.080909792,0.342538234,29.40720007,5.602346314,4.854680489,10.82223327,0,3.440266127,7.746642721,90.53977957,68.52642059,47.78080029,72.82239352,58.09848322,31.08493662,99.46776221,72.95229705,22.78904652,30.30996512,30.02358695,29.66992822,10.15259415,9.17175019,0.185766342,26.27084864,6.906920931,3.616776252,9.658813418,0,3.307686625,4.11556887
