YEAR,AUG_TMP_HIGH,AUG_TMP_AVG,AUG_TMP_LOW,AUG_DP_HIGH,AUG_DP_AVG,AUG_DP_LOW,AUG_HUM_HIGH,AUG_HUM_AVG,AUG_HUM_LOW,AUG_SEALVL_HIGH,AUG_SEALVL_AVG,AUG_SEALVL_LOW,AUG_VIS_HIGH,AUG_VIS_AVG,AUG_VIS_LOW,AUG_WIND_HIGH,AUG_WIND_AVG,AUG_PRECIP,AUG_NUMDAY_RAIN,AUG_NUM_DAYS_SNOW,AUG_NUM_DAYS_FOG,AUG_NUM_DAYS_THNDRSTRM,SEP_TMP_HIGH,SEP_TMP_AVG,SEP_TMP_LOW,SEP_DP_HIGH,SEP_DP_AVG,SEP_DP_LOW,SEP_HUM_HIGH,SEP_HUM_AVG,SEP_HUM_LOW,SEP_SEALVL_HIGH,SEP_SEALVL_AVG,SEP_SEALVL_LOW,SEP_VIS_HIGH,SEP_VIS_AVG,SEP_VIS_LOW,SEP_WIND_HIGH,SEP_WIND_AVG,SEP_PRECIP,SEP_NUMDAY_RAIN,SEP_NUM_DAYS_SNOW,SEP_NUM_DAYS_FOG,SEP_NUM_DAYS_THNDRSTRM,OCT_TMP_HIGH,OCT_TMP_AVG,OCT_TMP_LOW,OCT_DP_HIGH,OCT_DP_AVG,OCT_DP_LOW,OCT_HUM_HIGH,OCT_HUM_AVG,OCT_HUM_LOW,OCT_SEALVL_HIGH,OCT_SEALVL_AVG,OCT_SEALVL_LOW,OCT_VIS_HIGH,OCT_VIS_AVG,OCT_VIS_LOW,OCT_WIND_HIGH,OCT_WIND_AVG,OCT_PRECIP,OCT_NUMDAY_RAIN,OCT_NUM_DAYS_SNOW,OCT_NUM_DAYS_FOG,OCT_NUM_DAYS_THNDRSTRM,NOV_TMP_HIGH,NOV_TMP_AVG,NOV_TMP_LOW,NOV_DP_HIGH,NOV_DP_AVG,NOV_DP_LOW,NOV_HUM_HIGH,NOV_HUM_AVG,NOV_HUM_LOW,NOV_SEALVL_HIGH,NOV_SEALVL_AVG,NOV_SEALVL_LOW,NOV_VIS_HIGH,NOV_VIS_AVG,NOV_VIS_LOW,NOV_WIND_HIGH,NOV_WIND_AVG,NOV_PRECIP,NOV_NUMDAY_RAIN,NOV_NUM_DAYS_SNOW,NOV_NUM_DAYS_FOG,NOV_NUM_DAYS_THNDRSTRM,DEC_TMP_HIGH,DEC_TMP_AVG,DEC_TMP_LOW,DEC_DP_HIGH,DEC_DP_AVG,DEC_DP_LOW,DEC_HUM_HIGH,DEC_HUM_AVG,DEC_HUM_LOW,DEC_SEALVL_HIGH,DEC_SEALVL_AVG,DEC_SEALVL_LOW,DEC_VIS_HIGH,DEC_VIS_AVG,DEC_VIS_LOW,DEC_WIND_HIGH,DEC_WIND_AVG,DEC_PRECIP,DEC_NUMDAY_RAIN,DEC_NUM_DAYS_SNOW,DEC_NUM_DAYS_FOG,DEC_NUM_DAYS_THNDRSTRM,JAN_TMP_HIGH,JAN_TMP_AVG,JAN_TMP_LOW,JAN_DP_HIGH,JAN_DP_AVG,JAN_DP_LOW,JAN_HUM_HIGH,JAN_HUM_AVG,JAN_HUM_LOW,JAN_SEALVL_HIGH,JAN_SEALVL_AVG,JAN_SEALVL_LOW,JAN_VIS_HIGH,JAN_VIS_AVG,JAN_VIS_LOW,JAN_WIND_HIGH,JAN_WIND_AVG,JAN_PRECIP,JAN_NUMDAY_RAIN,JAN_NUM_DAYS_SNOW,JAN_NUM_DAYS_FOG,JAN_NUM_DAYS_THNDRSTRM,FEB_TMP_HIGH,FEB_TMP_AVG,FEB_TMP_LOW,FEB_DP_HIGH,FEB_DP_AVG,FEB_DP_LOW,FEB_HUM_HIGH,FEB_HUM_AVG,FEB_HUM_LOW,FEB_SEALVL_HIGH,FEB_SEALVL_AVG,FEB_SEALVL_LOW,FEB_VIS_HIGH,FEB_VIS_AVG,FEB_VIS_LOW,FEB_WIND_HIGH,FEB_WIND_AVG,FEB_PRECIP,FEB_NUMDAY_RAIN,FEB_NUM_DAYS_SNOW,FEB_NUM_DAYS_FOG,FEB_NUM_DAYS_THNDRSTRM,MAR_TMP_HIGH,MAR_TMP_AVG,MAR_TMP_LOW,MAR_DP_HIGH,MAR_DP_AVG,MAR_DP_LOW,MAR_HUM_HIGH,MAR_HUM_AVG,MAR_HUM_LOW,MAR_SEALVL_HIGH,MAR_SEALVL_AVG,MAR_SEALVL_LOW,MAR_VIS_HIGH,MAR_VIS_AVG,MAR_VIS_LOW,MAR_WIND_HIGH,MAR_WIND_AVG,MAR_PRECIP,MAR_NUMDAY_RAIN,MAR_NUM_DAYS_SNOW,MAR_NUM_DAYS_FOG,MAR_NUM_DAYS_THNDRSTRM,ARP_TMP_HIGH,ARP_TMP_AVG,ARP_TMP_LOW,ARP_DP_HIGH,ARP_DP_AVG,ARP_DP_LOW,ARP_HUM_HIGH,ARP_HUM_AVG,ARP_HUM_LOW,ARP_SEALVL_HIGH,ARP_SEALVL_AVG,ARP_SEALVL_LOW,ARP_VIS_HIGH,ARP_VIS_AVG,ARP_VIS_LOW,ARP_WIND_HIGH,ARP_WIND_AVG,ARP_PRECIP,ARP_NUMDAY_RAIN,ARP_NUM_DAYS_SNOW,ARP_NUM_DAYS_FOG,ARP_NUM_DAYS_THNDRSTRM,MAY_TMP_HIGH,MAY_TMP_AVG,MAY_TMP_LOW,MAY_DP_HIGH,MAY_DP_AVG,MAY_DP_LOW,MAY_HUM_HIGH,MAY_HUM_AVG,MAY_HUM_LOW,MAY_SEALVL_HIGH,MAY_SEALVL_AVG,MAY_SEALVL_LOW,MAY_VIS_HIGH,MAY_VIS_AVG,MAY_VIS_LOW,MAY_WIND_HIGH,MAY_WIND_AVG,MAY_PRECIP,MAY_NUMDAY_RAIN,MAY_NUM_DAYS_SNOW,MAY_NUM_DAYS_FOG,MAY_NUM_DAYS_THNDRSTRM,JUN_TMP_HIGH,JUN_TMP_AVG,JUN_TMP_LOW,JUN_DP_HIGH,JUN_DP_AVG,JUN_DP_LOW,JUN_HUM_HIGH,JUN_HUM_AVG,JUN_HUM_LOW,JUN_SEALVL_HIGH,JUN_SEALVL_AVG,JUN_SEALVL_LOW,JUN_VIS_HIGH,JUN_VIS_AVG,JUN_VIS_LOW,JUN_WIND_HIGH,JUN_WIND_AVG,JUN_PRECIP,JUN_NUMDAY_RAIN,JUN_NUM_DAYS_SNOW,JUN_NUM_DAYS_FOG,JUN_NUM_DAYS_THNDRSTRM,JUL_TMP_HIGH,JUL_TMP_AVG,JUL_TMP_LOW,JUL_DP_HIGH,JUL_DP_AVG,JUL_DP_LOW,JUL_HUM_HIGH,JUL_HUM_AVG,JUL_HUM_LOW,JUL_SEALVL_HIGH,JUL_SEALVL_AVG,JUL_SEALVL_LOW,JUL_VIS_HIGH,JUL_VIS_AVG,JUL_VIS_LOW,JUL_WIND_HIGH,JUL_WIND_AVG,JUL_PRECIP,JUL_NUMDAY_RAIN,JUL_NUM_DAYS_SNOW,JUL_NUM_DAYS_FOG,JUL_NUM_DAYS_THNDRSTRM
1987,88.03294015,68.35575587,43.2405015,70.47020434,53.53562611,34.38789923,97.28810067,63.03769627,24.5738924,30.34292914,30.025041,29.74768248,18.78289385,10.92991608,0.123844228,23.55838222,6.839215925,1.162474939,6.987722752,0,11.84859101,1.872075842,86.35051496,66.41806004,39.84801352,66.09262096,53.11027809,30.55789629,92.97584715,67.47145287,23.05467168,30.37431964,30.02313014,29.5972302,18.77084968,10.10971943,0.061922114,31.47392529,7.953490162,6.65164862,12.01953392,0.109089471,13.9268984,5.663013009,74.91004489,52.91461837,29.72108411,61.36673583,42.19624785,24.55902527,98.80234765,70.30847374,29.57220362,30.43986601,30.05487692,29.62652689,19.15024879,9.532099259,0.103207339,25.72901297,7.975400151,10.80314036,9.754228206,0.327268414,16.25039176,1.152677395,63.78251613,37.25279172,9.713161493,52.5390897,29.38420435,0.391325701,99.35427753,75.16459833,35.15325697,30.7511263,30.09737259,29.44931102,18.935488,8.700802806,0,27.36982309,9.360489289,0.710852821,8.4251014,3.263098749,17.08108665,0,49.15103856,32.77994497,8.565107185,43.5012528,26.40306981,2.568690781,99.86759739,79.0068413,44.40279654,30.57571401,30.07075368,29.54400699,18.27603986,8.111151387,0.171011585,30.03520331,9.00597285,13.06323773,4.954492293,6.141817353,16.71064757,0,51.603404,27.39190267,-0.1480387,38.81764557,20.73343597,-8.513812034,98.94645522,76.67775529,34.7049315,30.41518558,29.97101225,26.61984968,17.04366388,8.73140491,0.353906057,27.20814404,9.937531701,0.69759075,2.158710405,9.017004389,14.35347944,0.204561488,55.80745979,34.9866962,13.47568275,43.52668655,24.95531118,5.251211701,98.12862548,69.38925892,30.83246067,30.54360425,30.06859513,29.22457447,19.07395172,9.745271302,0.230043099,32.97005867,9.232391744,25.41448864,3.158557447,2.563075025,11.36978875,0.077181529,72.27875981,42.52751847,16.16370808,47.17321439,29.57782683,6.417299484,99.14959326,63.51891454,22.71044466,30.53729996,30.00510727,29.22337361,18.03510446,10.51945055,0.171011585,29.90770265,11.04550442,6.407881548,6.858583252,2.852180853,10.27539681,0.716610859,85.30544324,51.65641756,21.97024804,53.18163855,35.38206246,12.72151489,98.92371125,57.03835848,16.50798089,30.33670098,29.93624522,29.46921211,19.23859004,11.37966261,0.185989016,27.06423938,9.509505234,12.75823759,8.253307334,0.808173594,9.891666996,1.736127095,88.71771382,65.7651102,38.13341817,64.65267844,48.14175287,26.13819214,95.6772527,56.51648335,19.10651623,30.3179362,29.98936618,29.65022615,19.07395172,10.64725175,0.593883123,31.63221532,8.9755895,24.48669959,9.510036981,0.218178943,9.562605744,6.851200671,94.93574501,72.25019385,49.37809012,66.97559742,55.16392632,34.92941025,92.22430768,59.52250475,22.55053972,30.28520831,29.92951944,29.61100955,19.23859004,10.39084855,0.884930586,26.59836158,7.892496856,9.973803033,7.983505472,0,11.06876154,6.553994294,94.48655111,74.92408933,52.51540613,69.56445997,60.01914936,44.3089748,91.50356591,65.15263235,31.71045299,30.24479171,29.99005781,29.76019931,19.23859004,8.477436782,0.084195762,29.86455487,7.596662655,39.07510133,11.25080485,0,16.5224984,7.200000832
1988,95.76916922,72.23645224,49.91357542,70.64570687,57.16058481,37.26117897,92.33671957,64.32754389,26.85453454,30.35750336,30.01385528,29.65603175,19.39118419,10.02803974,0.20450634,33.75419907,7.664999252,3.963128976,10.48110288,0,14.10064138,6.232161624,86.33070425,64.75789053,42.68535949,61.76186051,49.22163382,31.00419543,93.21054976,62.06054559,26.04226957,30.24447765,29.94681053,29.5595038,19.23859004,10.44569955,0.20450634,25.12488684,7.115134621,5.524179082,7.851273508,0,12.21270574,2.418011209,75.33895672,48.71764244,26.17881246,53.4946038,35.59099541,20.11852606,98.45815497,63.59201844,24.99683262,30.43781127,30.05581414,29.46961431,19.39118419,11.61953734,0.343521538,27.79239391,9.120230088,8.947375308,8.870944783,0.458631533,10.15646285,0.873944639,73.38756834,42.44514775,11.7592904,53.81040242,31.3345741,6.142446876,99.13018732,67.79457785,27.40219927,30.44221404,30.03194722,28.31104757,19.31488711,10.64224612,0.087947923,27.7375058,10.5049512,6.922820645,11.5523232,3.370794946,11.11068357,0.573444976,54.85160544,31.43594012,7.705908978,48.23041041,24.56127906,2.072395078,99.31096951,76.86239663,39.8856471,30.58478407,29.9691262,26.71010219,19.39118419,9.598137806,0,38.84402828,11.6465607,6.928782795,9.977320544,8.323398672,14.87711618,1.181360726,56.40700237,25.68611736,-0.995032496,46.27371114,17.86632509,-7.806792807,99.86759739,73.85434913,34.93152357,30.69971965,30.08414206,29.30552809,18.78289385,10.25564781,0.061922114,31.68913247,11.97853853,1.444930742,3.289409664,8.299550698,7.312517819,0.576510386,59.64585774,26.7539275,-0.651425634,40.51594513,18.61106802,-7.612460798,98.68344595,73.32626142,34.01103485,30.58285239,30.03959838,29.00221615,18.78289385,10.31642857,0.171011585,30.8359423,11.36634975,6.048729343,2.780703525,9.300564177,9.198702247,0.044134204,69.75762138,38.43491884,15.02422881,51.01893666,27.69356181,8.844748326,99.86759739,67.62308982,25.90588484,30.49065666,29.99376579,29.40749646,19.23859004,10.45969905,0.109089471,34.05831146,11.33247846,372.5381065,6.725773792,6.585668116,10.34630392,2.881595678,80.91653157,49.53681381,24.44553018,55.833496,33.89801276,11.25257688,98.65075657,57.73801729,20.44369989,30.25187748,29.87994283,29.42464517,18.935488,12.05985954,0.275534158,41.45413331,10.78833476,3.927049506,8.654530584,0.460086198,6.650996935,3.396557501,88.64873586,63.28599867,38.00741692,58.06565867,44.089405,26.75934971,95.54451504,52.17450595,20.09087286,30.27345511,29.94404724,29.49460887,19.39118419,12.39841205,1.35871644,37.070596,8.760104461,16.87668863,6.618214945,0.109089471,3.626469493,3.238601482,97.44178322,71.36295775,44.10824456,65.33419004,49.943229,30.37923471,92.4623993,49.8229995,21.13792888,30.30504099,30.00639726,29.62364735,19.31488711,11.85769105,2.432953261,22.16221388,7.857639935,4.046167644,2.947843287,0,3.199813537,1.358669616,98.28580006,76.14700357,52.60109714,72.83987967,57.23987321,37.86004728,95.4312343,56.902112,18.96677162,30.23851146,30.00875365,29.74478865,18.78289385,9.744123355,0.521110332,22.143862,6.110167698,9.970760141,5.448720457,0,10.62628116,3.533360526
1989,97.42007667,75.19963642,48.73293682,74.90880978,58.41353883,35.49276101,93.50309142,61.93933273,22.56193148,30.17875701,29.95049509,29.6715175,19.31488711,9.820439716,0.676996731,23.02384173,7.321953217,11.81251046,7.505148557,0,14.30725064,4.246500168,88.94307557,65.6308554,41.18663415,70.03545408,50.00106522,32.28554721,96.91980405,62.37097263,20.60374425,30.25263824,29.9869629,29.41960974,19.23859004,10.452191,0.274824514,30.06642554,7.966769475,1.215615694,6.366562058,0.109089471,10.95763678,2.242996693,75.05546457,47.50449581,24.19333622,58.45973866,34.83255392,13.01730406,99.86759739,65.06711004,26.48209659,30.58115561,30.05980192,29.48339551,19.39118419,12.17981909,0.409180206,29.74753862,9.009391112,7.362407106,7.357804933,0.666400984,8.015137673,2.291965213,64.05766321,39.48500838,20.24686852,54.0347153,31.46291627,14.32577525,100,75.10148377,31.786466,30.39894466,29.87649809,29.25210151,19.31488711,10.01584836,0,34.58276087,11.37518756,6.140825881,9.46518585,5.284079014,12.65186474,2.978457847,58.87729724,31.02452448,4.727891277,46.33345854,22.18853625,-2.287915459,99.65976134,71.89871286,30.51459347,30.69016653,30.07011788,29.39634873,19.39118419,11.4119397,0,29.94234719,11.0877676,1.48431175,4.681702021,6.724860204,7.015421738,0.394820851,64.1662782,30.67011095,5.880811116,48.64869736,22.36279415,-1.682773769,100,73.75343228,32.27720942,30.70413786,30.07309567,29.37867868,18.35233693,10.32016371,0.123844228,29.1680752,10.66676487,11.30766867,4.918655298,3.992820323,13.39767503,0.604275966,49.46124119,25.15276111,0.34167043,39.78356499,18.87000715,-6.539042876,99.90121701,77.13918274,37.75701475,30.93996433,30.26322566,29.2035032,18.70284565,9.38332606,0.044134204,26.41918701,10.66322814,0.844017924,3.000549401,9.195210219,8.983218285,0.04875417,73.5108205,38.78919577,13.159316,56.23821232,29.4726,0.742713668,100,71.02842005,26.9744133,30.61884055,30.08241689,29.19519056,18.18769861,9.058242781,0,29.7486728,10.73909487,16.48268914,6.594280607,4.594615658,14.72808794,1.99547056,82.18815957,50.08859413,23.30763356,60.465318,37.33459904,15.09549387,99.19656811,64.12809026,22.25780868,30.50044262,29.98667517,29.46779957,18.935488,10.0509918,0.123844228,32.18374251,9.494008958,1.499827355,11.08841304,2.171660878,10.95027085,3.37052857,85.32874597,58.21872566,31.20470092,63.49889912,43.35556366,22.34328534,98.92785569,60.26938078,22.03025766,30.44604921,29.97681508,29.52723831,19.39118419,10.38685356,0.200037251,27.37501223,9.465762775,20.298641,11.23653186,0.8756251,13.47874295,3.267222381,91.52396868,68.93570908,48.27660903,65.38611679,51.88595985,35.85478843,92.75576819,58.14611181,23.25201083,30.28618672,29.96476253,29.64619646,19.39118419,10.01322989,0.398570932,25.12689299,7.292965304,5.808352306,6.356449119,0,12.68031395,3.649498567,95.76125492,73.61492401,54.75802511,72.97133332,57.00481045,37.36959001,97.15476679,61.52602608,21.66642492,30.29713581,30.02472622,29.557474,18.935488,7.787125459,0.232933699,27.95019385,7.07037829,8.208837818,8.600754803,0,18.21066421,4.906703737
1990,89.35311421,70.99617423,49.53686712,70.14431671,57.40091445,35.36850265,92.3055348,67.41964985,27.29970158,30.25360075,29.98829281,29.68632911,18.935488,8.439581221,0.032927664,25.9379551,6.47766778,20.58469803,10.09217977,0,20.4390435,4.992007667,83.68906483,62.63880722,35.07340439,71.30119474,49.92390812,25.83371452,98.49190465,67.72388085,24.99074862,30.52432127,30.04862777,29.60425423,19.39118419,10.86462391,0.259979231,26.93721528,6.818782478,4.533883467,7.510475045,0,13.84340812,2.083987655,81.96894842,53.64024618,28.75343116,59.76784566,40.33601288,18.79845085,99.87792468,65.75974689,24.93528197,30.46527587,30.04208987,29.60219287,19.39118419,10.83725968,0.369291376,23.8389536,8.859986662,6.101477047,5.146982559,2.093679179,11.69586784,0.702311856,71.97611145,38.51783489,11.16171859,53.11445966,28.09463158,5.457632621,100,69.70447346,30.13178245,30.46289312,29.94294257,29.24909087,19.39118419,11.12012833,0.124633993,28.50579057,10.50006188,1061.385065,6.091027901,4.466056776,8.012094114,2.158729135,60.75035222,27.30697472,-7.472693295,38.09178125,14.47116485,-15.71334983,100,71.33910395,27.93922455,30.75174742,30.0778478,29.35670005,19.39118419,10.32494927,0,35.84015333,9.254136655,13.64046515,1.860474941,11.52132988,8.494497662,0,67.52967704,44.55495574,25.07543656,49.70900664,25.71112493,4.956940667,89.79753831,67.23054987,27.67020309,30.44035317,29.93859227,29.2508761,18.35233693,10.25184506,0.077061868,35.10115333,10.61332283,6.202233119,7.398817538,3.081051271,12.0162781,0.902186784,67.22225575,42.91889462,10.55558423,46.32441631,23.09143801,-7.467429239,98.14547899,67.06970472,30.40394216,30.75071518,30.08580808,29.46713958,19.39118419,9.807322663,0,35.96098522,10.47204773,7.097943865,6.354098555,5.064734675,13.75163416,0.163930759,82.39200205,45.5284866,17.99963894,56.83852074,31.95710728,5.80654516,99.90121701,67.30383452,21.3321995,30.58797936,30.10626982,26.98054164,19.39118419,10.24597734,0,31.56688337,10.56258806,1.465596361,9.378412688,1.92049392,11.81151683,2.682278476,82.22867584,49.92474263,21.47617284,57.84726746,38.16249231,12.17480537,99.80655973,67.24960153,22.31522737,30.5348108,30.02617387,29.24228533,18.935488,10.1186972,0.171011585,28.11658651,9.739326413,6.7964779,10.88168204,1.06740052,11.50493317,1.110901039,79.87973416,57.79617662,36.5425963,61.98937096,45.45437579,26.9750449,95.97022411,66.13633442,23.61362828,30.33323653,29.9245917,29.41155881,17.42891599,10.57243908,0.185766342,33.6794066,9.885366704,6.135517977,11.29176543,0.207769451,13.14651744,5.417529442,92.0158931,70.29549973,46.99868477,71.33850617,55.4449072,35.05135134,95.46803171,63.88413068,24.90765166,30.23922806,29.92975203,29.50072055,17.84459329,10.86542788,0.316412534,30.56118646,8.58037123,3.740527051,11.52419343,0,10.27391509,8.909698391,94.59671129,72.80931667,54.3550007,69.61743559,57.84611894,39.33135251,90.80425495,63.60016889,27.95408024,30.22581784,30.01101876,29.79494304,17.84459329,10.48646625,0.463786333,25.95750672,6.807467716,12.42991836,8.83106844,0,11.41543589,4.512603975
1991,92.08327073,71.06130325,50.12798139,69.92526789,58.00763554,41.16407643,92.3961288,68.47068115,28.05341055,30.29268641,30.03494404,29.61357824,17.84459329,8.859621726,0.211792151,22.22677583,5.468755873,13.97768999,6.902694564,0,17.78090747,3.724216115,91.949864,65.27495626,37.73512818,69.97612705,52.12005909,30.27302751,98.72688196,67.64359359,24.54836501,30.32347002,29.99417873,29.65612358,18.30028948,10.13097027,0.032927664,23.82822779,6.281056471,8.864093259,6.433019855,0,14.69819447,2.406031553,80.82162977,51.49450031,27.58273798,64.23181096,39.45481955,21.51918535,99.90121701,67.67183574,23.29812517,30.34213912,29.98876002,29.53887683,18.30028948,12.06456464,0.394325558,27.72238686,8.521498161,7.88798866,7.766586615,0.295717375,7.393004081,2.227383497,71.04331739,44.05701849,19.58899782,56.39873534,34.17535562,13.72030995,99.28832231,71.40668756,30.87022057,30.57550145,30.04144379,29.44694501,18.16788686,10.77304366,0.123844228,29.68817518,9.608018703,9.298409379,6.463678117,1.276869161,9.964370072,0.808070581,57.328644,30.09868644,0.596118188,46.25012955,23.3920499,-6.158389921,100,78.20012355,40.29452076,30.66581807,30.06979398,29.39357093,18.30028948,9.93642859,0.123844228,30.63351286,10.2714173,2.056510011,6.864934665,6.986233749,12.64119928,0.388022009,43.36825292,25.46136955,3.588279853,36.13401128,20.20988784,-5.211372817,99.12728423,80.59761987,38.41721187,30.62627684,30.12631095,27.78831363,18.30028948,8.368785558,0.218178943,32.06339031,9.875343448,0.676391494,4.717667,9.901153535,15.05357704,0.171633824,58.66434697,33.16997611,7.386092861,46.30650874,24.83226609,-3.186559228,98.36365793,73.40047855,34.73899897,30.41349526,30.02939164,29.26769006,18.30028948,9.65407073,0,30.88951621,10.06918676,6.863881916,2.77589106,4.298768217,11.84596679,0.790001727,73.98350235,41.2745983,18.73811451,56.93890927,31.17813058,9.205594737,97.8235329,69.5158531,24.89757618,30.35218331,29.84934472,29.10997949,18.2239924,11.08105174,0.2966653,36.91937951,12.15432817,8.33318375,10.45280455,3.141554098,9.160782106,2.927185587,78.60505533,53.82040418,31.38111183,57.15058072,40.05179602,18.63052237,96.6898983,62.52838204,22.39498109,30.4987446,29.93831741,29.41162246,18.30028948,11.00402051,0.218694006,30.05450936,10.71633998,23.76615755,11.51837477,0.252316747,11.00369077,4.532825692,87.42817097,65.19795028,38.37461682,65.88062902,52.75537055,30.18855081,95.19690004,68.13677463,26.36436445,30.30365707,29.9739539,29.59975974,18.2239924,9.230688443,0.061922114,31.50056501,8.412938525,13.53511219,12.30631312,0,16.9029162,8.095885109,91.61690908,72.1564419,51.90196307,67.49800114,56.10872501,39.79652067,90.46334203,60.84798258,26.11588623,30.30549522,30.00374476,29.65280384,17.76829621,9.70658744,0.80371387,23.77963178,6.880911805,2.943158527,5.2501951,0,12.06352141,3.399047496,92.82417803,73.06055473,50.27272368,69.89637645,57.40603864,36.40980348,90.17767308,61.85585663,25.08618838,30.26742788,29.98506197,29.66739132,18.30028948,10.79437623,0.553159786,22.697284,6.593541235,2.969813443,5.924414648,0,10.01861617,3.560186505
1992,93.95049977,72.2405277,53.83995147,71.2589772,56.77438492,39.32324467,94.10600533,63.17210859,23.44700254,30.28276282,30.02874659,29.73566742,17.84459329,9.319056673,0.380815278,20.63671874,6.169200918,18.92080712,6.414008278,0,13.84498557,3.968972349,90.18601503,64.82620508,34.9502927,67.47995309,49.85313061,27.72041297,95.4824587,62.82891205,24.13502788,30.42052861,30.04601322,29.42659142,18.30028948,12.13619345,0.729929681,23.53433551,7.310304302,19.97983001,7.306920793,0,9.310759318,3.023259032,79.42106205,53.81755104,28.2171509,60.4494738,41.24626113,20.06688754,98.96719304,66.59371665,22.41208433,30.46827968,30.0086291,29.58904173,18.30028948,11.02425341,0.033494755,32.3540996,10.00747544,7.313430814,11.89362528,0.230043099,11.36950052,4.090925929,66.90653517,37.30773896,8.760606672,54.52372623,27.69132512,-1.110241341,100,71.59273187,28.41754047,30.51482277,30.03989659,27.32292365,18.30028948,10.09088786,0.109089471,32.25064253,11.18441074,1.845025857,9.22479257,6.818546667,13.01196509,0.895410834,61.72122562,31.66184485,5.598936992,51.58323951,24.83837852,-2.236341445,100,77.96141645,31.89186615,30.68509785,30.06955248,25.82171488,18.30028948,9.373647476,0,29.95112201,9.403402532,1.191460554,5.039727547,3.175231987,15.06619038,0.415484795,50.04797897,30.67581174,1.109954154,40.81908046,24.167717,-6.139658247,99.81423366,78.7541144,38.06857174,30.49868066,29.97810331,28.09451508,18.30028948,8.85516699,0.061922114,29.93332785,9.256050012,0.709453523,5.304223731,6.812848709,16.14402224,0,58.54964903,34.73433628,11.17843163,43.98126625,26.87876989,3.632139356,99.56364211,75.39964122,32.43642656,30.46752488,30.01791865,29.44787585,17.40485367,9.182549123,0,27.46677162,9.071665105,0.828094566,6.265559609,4.522246594,15.08349028,0.471132495,68.98202063,40.45176571,14.37747205,51.30797069,30.86348115,7.703285795,99.2363737,71.04084755,27.23545699,30.35950206,29.95175761,29.40145055,18.84573683,9.922875225,0,27.08000033,9.758745645,16.06423196,10.53078104,5.384182443,14.94127752,2.419034052,75.81177384,49.03276148,24.4821174,57.73210544,37.43755772,12.88548727,98.42729901,67.01853777,23.16297555,30.54366646,29.9931046,29.10494182,18.30028948,10.09488184,0.266651128,27.38976178,9.652667447,6.882518142,12.36254872,1.016296827,12.39812246,3.85959465,84.19645574,58.88148611,32.26880919,60.23825707,42.32491957,19.03070092,97.50951775,57.16156267,17.77488674,30.41285424,30.07340369,27.55837404,18.30028948,11.20023646,0.64909484,28.83027763,8.484745728,5.014282792,6.676342235,0,9.811703082,2.610054045,88.93848265,67.44575067,42.71638923,65.10113668,50.14774256,31.73906244,93.24502781,57.06986121,21.85169909,30.19642372,29.90481713,29.36331158,18.30028948,11.68809748,0.85715356,28.40465181,7.264178961,9.605037147,6.686941104,0,8.292739369,2.809657394,88.95840157,70.63400178,54.32018967,74.28536719,61.05367423,42.23490863,98.48600899,74.18421937,30.5263234,30.20738126,29.94645049,29.64968729,18.30028948,10.29859302,0.139608302,26.16097148,7.007315405,3.785270247,13.65345988,0,9.724530355,9.77585152
1993,90.22555216,67.05764116,48.10093169,75.0829107,57.24264811,39.7423526,97.69130926,72.05848557,28.65377308,30.27907293,30.0569287,29.77427815,18.30028948,10.81340241,0.441722873,26.52008645,6.211910604,9.420146309,5.093260884,0,9.449308358,2.13552421,82.83531277,61.60126345,34.39541291,68.54426323,51.16162674,26.68846028,98.53090279,70.55799944,25.16656019,30.43708223,30.0475093,29.50815065,18.30028948,11.5244553,0.185989016,25.02582499,7.472969972,4.791412638,8.235159399,0,8.678525274,3.9143631,79.15846172,50.81227262,22.7912358,60.03939458,39.51026452,14.94713781,99.55392874,67.7349683,27.07315363,30.44793384,30.00993791,29.44633869,18.30028948,10.96142146,0.404167959,30.45215213,7.910236961,6.907018686,6.107372592,0.460086198,7.934818937,1.543108238,61.10614476,38.51683869,20.2797223,55.75051975,31.96378634,12.31280605,99.37787577,79.57285495,40.77558098,30.40185131,29.97575768,29.27787558,18.67826306,9.089476843,0.218694006,32.89206968,9.767852721,4.072558598,12.61819622,7.175006191,11.72133696,1.133030053,54.7616857,29.53998162,5.314323144,50.76491552,23.68729408,-2.159669776,100,79.03093991,32.42450622,30.68784235,30.08609242,29.37576639,18.30028948,9.001303134,0.061922114,33.597474,9.66798064,2.009293717,5.907736987,7.617745665,11.54426323,0.061922114,53.40360295,29.05188879,6.435889645,48.92475906,23.19857446,0.352509661,100,79.21018309,31.109257,30.65831078,30.12845286,29.64448746,18.30028948,9.013133979,0.061922114,30.89151404,10.26561986,2.156252718,6.94689224,8.369896966,14.34660047,0.292164995,55.26906725,28.5010804,-0.710385351,40.58212302,21.1406636,-8.119969283,98.36365793,75.10990835,28.69808313,30.60577348,30.10358889,29.22956954,17.84459329,9.240191358,0.280101057,27.78304681,9.086684564,1.126392452,3.596120269,7.227420956,13.07710869,0.446193002,69.27891485,36.78776495,11.65251403,50.71596989,29.27212665,2.228759081,97.16367375,75.30644712,26.99746422,30.59798478,30.02454719,29.27301545,17.84459329,8.071927442,0.109089471,35.6152359,9.812152699,2.278571213,9.160213975,6.835592677,18.98846985,0.402594673,72.00080017,48.30956668,26.8179005,55.74305184,37.38785205,17.22843964,97.27276322,67.31841354,25.18651969,30.26847191,29.90142078,27.20399325,17.40485367,11.09695774,0.845370565,33.60906138,10.00282696,3.808521299,10.67486988,1.754085653,11.53801691,3.191701542,85.22772687,61.34526683,39.20856234,64.13912862,48.29477777,27.20054919,96.50546904,63.77087497,22.54856687,30.26411519,29.93948453,29.59531442,18.30028948,11.23960112,0.383304233,27.10271517,9.164224122,23.88693753,11.22939173,0,10.86412409,3.386821234,89.91853772,68.40721825,40.36327189,69.40933629,56.24987503,33.19742655,96.45451414,66.62227875,26.13617871,30.2970929,29.95373911,29.56466309,18.30028948,10.48827576,0.477138451,31.7134029,8.417612685,5.375623997,11.62218146,0,12.01446029,8.84674615,91.22153154,73.74954349,57.4189685,74.95855974,64.10981768,48.18406819,96.83136187,73.27882845,35.9075268,30.20050002,29.97849827,29.6329663,17.86054986,10.0139905,0.513034756,26.94046279,7.480072351,3.896168394,13.26276682,0,14.88119715,8.051436664
1994,89.44768409,72.15503736,51.10359858,75.57723876,62.43895885,40.32049038,98.5203934,73.36051784,33.45424985,30.26726608,30.0055424,29.63135492,17.74918162,8.987326813,0.157338983,26.00884141,6.148225358,5.884334298,11.58784907,0,19.87289682,7.87949068,82.67382935,59.95436996,34.00424433,68.94963717,51.03161198,27.57422746,99.46592047,74.28491238,29.68511081,30.33235903,30.00420342,29.53655366,18.30028948,11.18345057,0.032927664,25.70541473,7.448685217,1207558.492,10.41290948,0,12.58828402,3.433637932,78.86110654,50.65431086,26.69355993,61.63889137,39.12590743,16.88927897,100,67.58442177,25.41944402,30.40180918,30.00923586,29.47603375,18.30028948,12.12418207,0.326347542,28.713611,8.250607847,2.247991511,6.037613184,1.149486081,9.931075099,1.596621806,64.98387278,38.37124041,14.09145036,56.28346822,30.60125502,7.294108711,99.90121701,75.16506161,32.03136895,30.51795198,30.05135664,29.52547088,17.86054986,10.01685226,0.015259415,29.43672103,9.968431931,2.601388217,8.366648423,4.069257871,13.3457566,0.314001619,54.9254531,30.50543374,2.298127249,47.8635955,23.6954261,-5.571425301,100,76.44058649,36.93634228,30.51443423,29.98235236,29.53951295,17.86054986,10.10357858,0,28.07664461,9.601381344,1.076924497,6.929617313,7.942700974,12.87455127,0,47.5825434,19.81071085,-16.38134907,42.6009421,13.47615712,-23.7945166,99.81423366,77.17896856,41.02292502,30.68698034,30.14852202,29.48331694,18.02802363,8.765841139,0.171011585,26.26154211,9.762249846,2.218024923,3.228593637,13.23003998,15.72036198,0.46829184,58.81840203,25.06547374,-4.502951992,50.73911446,17.27046331,-12.67705084,99.74741271,72.93020276,33.49216479,30.57077979,30.14711834,29.58515905,17.86054986,10.20655345,0.313028721,29.8313421,9.976658414,1207655.617,3.630185236,8.087096767,10.40917292,0.033494755,73.39781446,38.13340396,14.14323664,52.46677474,26.56810027,5.059765089,99.80073274,64.83376469,21.90776404,30.45112226,29.97104507,29.32261196,17.86054986,10.61100861,0.044134204,34.29890245,9.366565446,0.694974934,5.890016711,1.814513561,12.60522909,1.521432897,80.3987728,50.70582869,20.4317452,62.09566868,36.41404539,11.06303236,98.85386652,61.43845212,18.16226383,30.39225923,29.97164939,29.45777423,18.84007633,11.6457938,0.466879837,31.41408424,11.18038941,603666.2141,11.09326921,1.053588486,8.796749583,4.111964464,85.50709435,59.26876791,34.84474729,63.08490957,44.63087048,26.34312093,97.89908183,59.51379539,20.40739361,30.26676234,29.98524691,29.60337042,17.86054986,12.29114182,0.965444942,24.70390907,7.576965132,603773.7005,6.524037351,0.022273648,8.864851422,2.274166897,95.22304239,71.48341623,46.58914454,71.83355635,57.7074986,30.86581912,97.81908983,63.48981773,22.38418973,30.22852004,29.92867542,29.49257534,17.74918162,10.9073282,0.836902708,24.06591672,6.895240117,2.441205322,7.943175457,0,9.363072111,5.313921498,90.28135906,71.57052279,52.78114887,74.82336017,61.74538915,41.24935123,98.36866289,71.65922872,30.13602575,30.21501719,29.97338457,29.58485551,18.18892124,10.61059287,0.336113984,28.88369027,6.72422172,1.344898579,7.909333164,0,14.53064786,5.659922626
1995,89.4286517,69.05276133,48.15796226,72.69519253,59.03621702,39.19618208,96.77397336,71.48877194,32.65228095,30.28640806,30.03324386,29.65406942,18.18892124,9.714436817,0.560485138,25.77282149,6.482361792,2.145890915,9.144151269,0,16.50174601,6.364353007,86.75108892,63.72031287,40.32543395,67.73623427,52.09785279,33.26352016,96.82531325,68.37117953,28.24241504,30.34407048,30.00481463,29.55949692,18.30028948,10.79276556,0.215145789,22.22046499,5.983394135,1.336415562,6.430988735,0,12.24374796,1.40186734,79.58794272,52.81676621,27.03259365,61.17860539,41.34832283,21.15923171,96.66855177,67.31837112,25.42650092,30.35893355,30.01092139,29.59007353,18.18892124,12.0651052,0.336969302,31.21381599,7.852946987,1.188175072,5.63212687,0.122408293,7.864321791,0.653398485,67.35858013,42.86912277,19.09748857,59.08593033,33.73832429,8.731721478,96.72731586,71.56069826,26.27957351,30.51513545,30.0067186,29.16600229,18.18892124,11.8109083,0.446010909,30.66105577,10.43410909,2.304547441,8.564847052,0.982024794,10.67550669,2.084505841,56.98631283,33.5995499,8.278632865,48.58784803,26.99594395,1.060675556,98.58183687,78.12595974,34.29758201,30.40294605,30.10281265,29.7215142,17.74918162,8.544476996,0.109089471,26.64645189,8.361590036,0.864822329,6.241176801,5.005449271,18.37392279,0.270226399,53.19931512,25.76383692,-0.469996233,46.90048343,20.15812772,-6.599139895,97.7091211,78.76686858,39.87290098,30.52317143,29.9892656,29.42180583,17.74918162,8.879625696,0.436357885,25.64694198,9.70365889,7.082008947,6.646742195,7.936988448,17.11788718,0.579640309,59.56207195,28.82348611,0.638983982,40.04456082,18.8456576,-11.02825983,96.29956318,67.42181451,31.15428814,30.46386077,30.070974,29.47117188,18.30028948,11.40133132,0.316858922,29.06369726,10.20998523,6.414343954,3.730174206,5.297216783,10.39996525,0.136455487,71.276249,39.89058006,9.323697305,52.62064251,28.68452551,-0.025900945,98.26317367,66.04491906,21.9004647,30.6597736,30.10847062,29.32215849,17.86054986,11.13582064,0.325822073,27.02086893,9.31143224,4.89520768,8.68582149,2.848495285,11.12710422,2.224863326,74.78754815,48.60842506,21.71362453,58.30776258,36.3919152,3.980988423,97.35234318,65.14626896,23.7636981,30.30973122,29.90230231,29.36435964,18.1328157,11.55655324,0.154363059,36.60371096,10.59421339,5.80813344,13.22813164,0.363684985,11.84810509,3.521872002,79.69437675,58.62026212,37.91987792,66.10862539,47.92029158,30.89333913,96.28173365,69.16045567,26.84101593,30.24688012,29.91271739,29.44225444,18.30028948,10.75467015,0.9365816,29.18638546,8.844057972,7.933234559,12.79908766,0,14.97333114,5.874027882,93.00443579,70.13109386,47.58860138,69.13496961,57.3486412,35.37801208,95.93045494,65.63997835,22.9125713,30.30335456,29.95367387,29.43752641,18.1328157,9.007370407,0.066422419,33.66789103,6.738335799,6.152953792,8.178289073,0,15.15618919,6.407843121,96.90672039,74.30081495,51.53969529,77.0091338,61.96761207,37.77653411,98.63232873,66.61885232,23.43987072,30.18051254,29.93545819,29.68485172,16.8217026,9.936454017,0.332988223,30.03525742,6.980745811,4.659392235,7.573840378,0,12.76259825,5.082204182
1996,91.52692899,75.57669401,57.32887188,76.45346841,66.31526033,51.20083742,98.61628372,75.58602275,37.04101156,30.24447357,29.96456066,29.71768718,15.45074325,8.608696195,0.310562658,24.92219727,5.514667325,4.118976979,9.336248213,0,18.47498247,6.220961328,85.38474017,62.41092442,32.17195951,65.92068434,49.5044052,23.86215436,99.19371497,66.01564396,23.86528637,30.32255429,30.01670183,29.67363751,15.78285535,11.49308611,0.945982815,25.39477195,7.050352359,3.987369148,5.526442023,0,10.11515162,1.0088643,79.6880628,52.9691606,28.73852344,60.62079235,41.54225722,20.81086961,99.78636819,68.53839911,24.72110076,30.27973299,29.90034781,29.23857582,15.17564196,11.48164071,0.333018399,31.94275716,9.160694324,3.562178918,10.76348166,0.623308354,9.28344637,1.584585962,61.47898956,33.13323891,10.05523461,56.35318497,25.05777464,3.18296939,100,72.44449393,31.5673922,30.44703026,30.03595123,29.35439789,15.17564196,10.25132324,0.266366022,30.2179469,10.04169192,4.954733998,5.080167859,5.676044643,12.82044564,1.3133388,58.78251821,26.71299209,-1.264616886,50.15641499,19.63614289,-10.32066103,100,74.47002534,24.69206469,30.52158754,30.0938957,29.58419527,14.26424958,9.613277633,0,30.9980053,9.412908408,3.42594573,3.573742568,9.575017221,13.66837279,0.087947923,57.63684048,22.54228105,-9.380734117,49.57098724,16.7757413,-17.29100688,100,77.3961861,36.70085095,30.50377411,30.03710251,29.23377117,14.26424958,8.946488215,0.061922114,40.15192821,11.32758528,5.213536657,5.40089028,12.16002356,16.17463888,0.30984365,65.64266851,28.16629776,-14.69771686,54.51922072,20.22041593,-23.34071002,99.90121701,72.35148464,26.93259844,30.68126811,29.98377783,29.28804331,14.26424958,9.523348554,0,30.06948159,10.71387581,4.944775255,3.538076221,6.361868214,12.74545027,1.093436735,63.02445981,34.13663082,3.408604791,51.06080146,23.01495058,-7.914706476,98.93940665,65.21929125,20.99836948,30.67066171,30.067067,29.45037702,14.26424958,10.132862,0.142017135,35.85392895,10.99131435,4.304978263,6.323773264,5.14052293,11.61427028,1.602045063,75.78487086,46.78346087,19.73767125,58.588489,33.30248778,9.056497816,99.06624657,61.75051423,19.53979622,30.39074812,29.89046166,29.34194628,14.26424958,10.98473528,0.157276551,31.64739877,11.36223816,3.850362438,10.27141365,1.625021071,8.13378548,3.830187109,87.99458507,58.84452844,36.37655326,68.58903736,48.97246042,25.73198681,99.06624657,71.57802671,22.30232268,30.32117813,29.98455807,29.56265117,14.26424958,9.277988271,0.357282586,33.2806619,9.658224543,4.77260719,14.23363814,0,16.10630605,8.818388506,90.94177802,68.99751882,46.39372829,72.86925496,58.59540225,40.02317995,98.28346926,71.2567284,27.02715063,30.26911516,29.94825631,29.66172236,13.93497294,9.291740549,0.233555938,24.96155959,7.473235244,3.521860868,8.945906856,0,16.43148923,4.459677268,90.93404478,70.23894012,51.51670576,74.2256406,58.36606798,37.18825842,99.08605311,67.40325085,24.28261602,30.376453,29.97513106,29.6829862,13.80257032,11.02989512,0.49658393,44.18255214,6.961424155,4.295474233,6.50277302,0,0.97813216,3.512479111
1997,90.02075967,70.9087994,52.66831036,76.53910115,61.2712232,41.77522616,99.25390668,73.21734011,30.42314208,30.25844896,30.05427308,29.82261787,13.80257032,9.150310418,0.555679957,21.03278095,5.832614672,2.696304932,4.447577952,0,0.608670136,2.808778144,84.73344668,61.72652369,39.41311238,68.5545052,51.86091963,33.44887966,99.14481721,72.55807003,29.16920522,30.40748703,29.95881907,29.53953402,13.80257032,9.338080717,0.015259415,26.59760407,6.42307935,1.52142834,5.887374798,0,2.869729441,1.684426136,77.70789327,51.19411307,23.83318697,62.30487823,40.6954648,7.971188684,99.8016276,69.79062406,23.81676423,30.47331317,30.0104715,29.31878036,13.80257032,10.29534122,0.055201312,44.88611679,8.907858557,1.205597921,6.656660555,0.131363119,1.570399336,1.610243422,64.40196411,33.9663467,11.02777911,57.96112361,26.28679765,-2.485150555,99.79461337,73.57932655,28.32768879,30.67662709,30.14722251,29.58001333,13.80257032,9.833428091,0.359163869,32.77635098,9.063189102,1.392250954,7.271947441,4.606592192,1.560068925,0.110556623,54.05021404,27.68603406,1.960903016,46.59003939,21.72506251,-14.55838118,99.2980669,78.45707821,31.84174223,30.47929735,30.00383672,29.41855727,13.80257032,8.170107832,0,29.92923648,9.548957668,0.915233059,4.91869796,7.729327212,5.769264947,0.320912839,62.38644456,21.01255514,-10.67277321,56.41870628,14.88564284,-24.16388185,99.89318409,76.12974864,26.2414463,30.62597513,30.02373795,29.24443534,13.80257032,8.990937684,0.139608302,31.55354895,10.60861079,1.979535298,5.019942854,10.94102051,4.820616287,0.462243222,59.09653752,32.18790524,10.49495446,48.33670605,25.54539346,3.808489916,99.48117988,77.01975125,37.18590265,30.56914719,30.09391229,29.36720454,13.80257032,8.780515577,0.110676284,28.59717745,9.385406772,1.938304628,6.335723784,9.025088289,1.987022473,0.121442678,72.88705639,38.79614741,12.23620305,48.15931704,27.63725484,1.286894696,99.2980669,65.77219529,23.22892244,30.57642991,30.06590108,29.45031732,13.80257032,10.37462537,0.650575519,39.46450222,10.54180521,1.188417724,7.673800214,1.792087996,0.772003629,1.423721653,75.04952208,47.53430783,19.46547304,58.17158076,32.63805787,3.527411799,98.88540715,58.62757745,16.53790037,30.46180355,29.97380317,29.20961366,13.80257032,10.50646306,0.193285233,38.69750459,9.38348376,1.122893191,8.181593805,2.127407013,1.501340206,1.39099169,84.86198579,56.50252763,34.52102605,64.92564144,42.19849007,19.24224335,98.1376958,61.73348736,18.90711163,30.35210458,29.96254974,29.41011627,12.08623208,9.900119015,0.510224276,36.95495221,10.03704837,3.029445229,12.41228932,0.230043099,1.063653561,2.706822566,90.604816,68.51383834,49.4814806,71.94363537,58.00681358,37.40153437,99.25390668,70.98780057,26.21708846,30.21784876,29.90974859,29.53629374,12.08623208,9.108539628,0.47629562,24.05546457,7.42113573,1.683565729,8.996440337,0,1.305176859,5.212177149,94.64442805,72.48331843,50.48509645,76.41662834,61.68029132,43.64995952,98.65878949,71.1079319,28.47093167,30.33608644,30.00184169,29.64894352,11.93363793,9.099468364,0.36213251,26.39622141,6.810811098,1.229300845,5.481435852,0,1.784702293,4.433805458
1998,90.71588145,68.92164275,49.71459431,76.51120134,60.35446267,39.12541855,98.5344406,77.23367708,30.72131719,30.27818228,30.01228154,29.5574091,12.08623208,8.763177225,0.232933699,28.76448266,6.420640081,3.266794337,10.06085557,0,4.394713677,4.684442784,86.77883681,64.38035681,42.67673972,70.28454517,53.86227614,34.10027095,99.27750076,72.35675011,24.29372059,30.38031978,29.96232801,29.36959425,12.08623208,9.772390831,0.216285173,31.62044169,6.692723761,1.694039848,7.225959007,0,1.897306685,2.787809324,84.20900144,51.36642179,21.36855572,64.53806998,40.0603161,4.310206796,99.89318409,68.46450057,22.86992506,30.45783777,30.04302014,29.46278786,12.08623208,9.816834352,1.03235329,30.18123586,8.204170147,1.238207807,5.880319985,0.864349885,0.809001858,0.628066711,60.78002302,37.03355396,12.88529581,54.58305742,31.21350942,-10.45180876,99.89318409,79.24961302,27.27894502,30.43035442,29.94900114,29.39180954,12.08623208,8.100148246,0.092440945,39.48115179,8.603020984,1.66316527,9.292789315,4.976019878,1.868516179,0.852946685,52.95834747,28.75383539,6.273248107,39.0336217,22.78771115,-8.087301752,99.61851462,80.12347383,41.14460078,30.44617487,29.93953358,29.37898357,12.2186347,7.915403247,0.052792478,26.48568123,8.791234927,0.886181629,4.333052736,9.609779345,2.270234723,0.032927664,57.48894538,29.0351693,1.242546142,52.12284011,24.52044727,-15.6290521,98.99287859,82.40092609,41.24689141,30.49642884,29.98918656,27.34514779,11.93363793,6.489952223,0.109089471,26.90323148,8.61340144,1.432299203,7.254390529,8.868915744,7.047693867,0.04875417,57.28059011,35.51434156,18.65503628,47.32200852,29.66626367,11.73105866,98.47405847,79.18514006,32.10643403,29.77475624,29.42306787,28.84119639,11.91344639,7.897028701,1.185744491,27.01828737,8.691476746,1.470338465,9.829874949,0.706240908,2.713991838,0.172478737,75.20941557,39.41070264,6.813033923,58.26534734,31.63604821,0.248396019,99.2980669,74.31648054,32.82303865,30.62065702,29.9286286,29.29177379,12.08623208,8.721048092,0.232933699,35.64400872,11.48093478,3.105302296,10.23597206,7.864166752,1.729194024,1.017820167,74.79699931,50.07142228,28.63261488,57.22683097,39.31731984,21.34893751,99.19125099,69.32769992,24.34606668,30.30776199,29.8961759,29.41664678,12.00993501,9.49486001,0.574525049,32.40237304,9.491022213,2.827167638,11.53482976,0.294042117,0.573564637,3.825770046,85.81059491,62.66460865,43.19707485,69.1392847,53.0091239,33.28543379,98.47405847,71.88613962,23.9819915,29.75807677,29.40155595,29.01938195,11.91344639,8.255068923,0.211792151,35.30171917,8.144030869,3.504909921,12.52677603,0,1.515680831,7.273963993,89.28445569,67.19362136,44.11019244,73.49056237,57.90840511,28.00039228,98.47405847,72.61668574,23.6425426,29.77349878,29.425394,28.92670422,11.16182264,9.193313605,0.255207347,34.77218572,7.735146982,5.518465776,12.17111668,0,1.587789762,9.256631837,92.51740083,72.37579231,54.18327531,75.21799373,63.17946772,40.32356828,99.83214643,74.50583375,29.74024865,30.37442639,29.99341258,29.80752018,11.51114515,8.719566197,0.154363059,25.09053989,5.253894049,2.324003534,6.713264506,0,2.404761062,3.841880618
1999,90.76704341,71.62061685,52.91306139,73.51574014,63.15185483,39.72363446,100,77.37763878,32.51670472,30.29891339,30.00816443,29.63277062,11.46701094,7.523150771,0.061922114,28.92858198,5.160668561,2.343746033,8.027153747,0,2.562038654,5.09067516,90.04521532,67.498743,43.47285978,71.02600084,56.88173736,34.9625148,99.90844351,72.97014049,29.77273825,30.247173,29.93341913,29.63674434,11.46701094,8.383031232,0.022273648,24.66071655,5.642690846,1.324470598,6.948660106,0,3.37244315,3.32538609,76.8182293,53.68027193,29.6913384,65.79501085,44.60292361,23.03810744,100,75.03185598,29.10139993,30.54343532,30.08055277,29.68122132,11.35564271,8.771595371,0.197357879,23.81360518,7.156004348,2.130501214,8.571890419,0,3.014511272,2.222263034,65.78002718,42.55865401,17.66192357,57.32433723,34.1448222,12.06565659,99.90844351,73.93562847,29.89645033,30.40584053,30.00504695,29.25681909,11.09168031,8.675116557,0.449553924,39.52665117,9.459950339,1.442236865,6.77329285,1.394158032,0.623371826,1.600996206,66.32539337,31.88018493,-2.809370207,58.1212533,24.16100558,-11.78958031,100,75.49075611,27.17543073,30.66484305,30.14071716,29.58661596,11.18323681,8.685021303,0.033494755,32.12009519,7.941119816,0.743512475,4.900144218,4.821216674,2.491368779,0.103207339,54.81315879,22.68305563,-14.18016203,47.00748455,17.76805107,-38.63873321,100,81.29568519,27.75425214,30.53276994,30.05101156,29.3444806,11.18323681,7.011188381,0,30.9222441,10.07805852,1.977785413,7.031452189,10.35072307,6.50675514,1.322102168,65.37366266,33.12667326,9.520953211,56.86704487,25.39423339,-5.7549212,99.90844351,74.42374432,28.8843791,30.50377662,29.9989231,27.3604621,11.18323681,8.413776255,0,37.69047892,10.09847307,1.242045521,6.14882118,5.563816924,3.380605091,1.335868418,68.30902267,35.43948449,10.79155524,50.47304708,24.05009839,-5.292535425,99.89318409,65.7207393,18.37137244,30.67239628,30.07318287,29.55792345,11.20304855,9.444878216,0,33.20713993,9.224103468,5.212685511,4.186802713,3.78391565,2.318403073,0.144051377,76.8175925,50.75465279,30.51985961,61.45351107,41.78429449,23.45321868,99.14481721,74.00388821,26.00376465,30.40546926,29.91713255,29.21074407,11.24427447,8.718693101,0.457094666,38.97122406,10.32754137,147.4913487,13.23216891,0.442041276,1.036135627,5.184877727,84.66705132,61.31276362,40.11655634,66.90263109,49.20827183,30.44041804,100,67.33595458,21.70876004,30.31179156,29.93826522,29.46104278,11.09168031,9.235844573,0.758677524,30.34092749,8.615204549,216.7779266,10.17634015,0,0.503447286,4.198103941,89.98082506,69.53814004,45.88105772,72.12187138,59.59945261,38.58523213,99.34546317,73.48479837,29.97530191,30.32740327,29.98163005,29.60529812,11.09168031,8.282564275,0.211792151,29.02565434,6.274762221,145.6794364,10.00349931,0,1.875465899,6.284810509,94.10568381,75.03877905,52.43508219,78.48818579,65.60022289,38.37318713,99.90844351,74.02896582,28.25638627,30.28607517,29.9973479,29.63214456,11.09168031,8.943343083,0.167978432,25.18630846,6.461548079,145.1036363,6.73896775,0,3.201809279,5.480405725
2001,87.61824096,68.96440951,50.61111331,72.29284238,59.62257055,42.18955076,100,74.68009406,32.94284353,30.26238773,29.97810772,29.64031198,11.09168031,9.001982752,0.486304506,25.15326426,5.887487343,216.809379,6.466232626,0,3.390721152,2.877156765,89.57818356,62.99755974,37.93420606,67.08641314,49.27332309,28.85585185,100,65.42041352,21.38489729,30.30170154,29.96918232,29.63398459,11.24427447,9.68530334,0.759731584,25.77206918,6.532108869,290.9056129,4.437216325,0,1.570535646,1.460350493,78.71256527,51.79850619,23.99706049,62.98584251,38.38819863,15.22524728,100,65.13923693,20.89664803,30.34636978,30.0585946,29.62799672,11.24427447,9.571832944,0.061922114,24.19154234,7.537907934,358.5749424,4.70542409,0.686535296,1.969846397,0.992816161,72.16786397,43.2049274,15.79754247,55.58626226,30.80074732,-1.630047885,100,65.62725467,18.14844867,30.69783896,30.08911768,29.70399479,11.09168031,9.199836321,0.298789028,31.17601551,8.247465891,286.3779251,3.094806076,0,2.080627774,0.227402226,56.50955521,28.090125,-1.974452836,52.1780768,20.65303428,-16.40400564,100,75.51685001,28.84036352,30.55226636,30.05993151,27.41923313,11.09168031,8.021680768,0.077628958,27.06732248,8.692894508,430.3828976,6.658824864,6.997541221,2.975016805,0.21577323,45.34679193,25.82218595,-3.193986552,41.30187941,21.50462037,-9.141843366,100,82.58122306,44.62954947,30.62435518,30.04066405,29.24642577,11.09168031,7.39603126,0.281120779,26.88638317,8.110797791,1.510467668,5.146073133,8.484197427,3.804657633,0.106056318,57.30993938,29.46809648,0.948521715,51.01832691,23.5998181,-7.103948198,100,78.11484815,34.69470036,30.61974246,30.13463527,29.33101904,11.16797739,7.932543403,0.015259415,35.35698603,9.512224924,2.310013912,7.508028752,7.149158313,3.564665999,2.033767374,58.47867116,35.42280927,13.06837862,47.63969987,26.02094375,3.901881908,100,71.15541557,26.97393777,30.49571414,30.01306465,29.42954224,11.09168031,8.547276815,0.450414444,26.53463206,8.698928916,1.905344749,6.338960882,4.981195489,0.794775692,0.464868487,81.85053057,54.56367787,24.34669933,64.43280134,41.23780655,12.33853218,100,64.26543364,21.7600656,30.44110068,29.98476831,29.42538903,11.09168031,9.328809616,0.832501254,34.07089463,10.55591172,1.545514887,10.17139138,0.828004071,0.252316747,5.295388566,88.09978711,61.31942202,38.25037927,65.10074752,49.04781447,23.43222073,99.2363737,67.29776722,22.31813566,30.31650763,29.92404233,29.4432035,11.09168031,9.030176193,0.387399771,33.00453048,8.245648676,2.346212346,12.02286779,0,0.845565145,5.435579566,90.08229991,68.06400051,47.01192347,70.63718178,57.11923413,39.43108238,99.81423366,70.14705481,27.99317098,30.32289976,30.00300925,29.54419238,11.24427447,8.459136226,0.329420236,29.58836101,6.348294824,1.84120116,7.458532682,0,1.005785363,5.615190116,94.23217827,73.21360687,49.44913043,76.39119772,63.05177739,38.68538655,99.24668018,73.18283013,28.57594121,30.26129101,29.98254301,29.75389946,11.09168031,8.288016267,0.109089471,24.75560795,5.55654346,1.713489885,8.339116962,0,2.714498578,6.631848007
2002,92.30374196,71.75912489,50.82282534,75.35939071,62.96235399,45.20620761,100,76.93203789,34.38649763,30.26625806,29.98664982,29.65156249,11.24427447,8.05427027,0.032927664,24.78619858,4.984081424,2.823496128,9.408179213,0,2.96368332,5.183157726,86.75375164,62.2161148,36.66156251,70.42616482,52.70263366,27.47346537,99.34546317,74.62490023,27.81657694,30.36960754,30.01101026,29.55660205,11.24427447,8.717211837,0.106056318,26.59050035,6.128115789,2.752697342,8.430785831,0,3.183947491,2.826334015,81.41629225,50.78057866,25.35554073,63.50146923,40.82087441,16.90796174,100,71.56588282,28.71873042,30.50515259,30.00076856,29.34685025,11.24427447,8.937546308,0.317991022,31.17547443,8.609214973,3.215232913,9.243074733,0.110221571,1.015140795,2.411236299,70.14533123,45.21383586,21.69419674,57.21811339,35.73967927,13.98966959,100,72.688512,23.05136487,30.44813509,30.05489934,29.34616015,11.09168031,8.563396098,0.1749448,35.56759614,8.225450187,1.670180095,8.356327377,0.314783059,2.099966079,1.423366832,64.27587129,31.56600419,4.068222541,55.41344535,25.25807893,-10.53831658,100,78.11534627,31.78518302,30.34520397,30.00610272,29.53075072,11.09168031,8.000975574,0.298789028,26.93957001,8.379552987,1.449426687,6.99259973,6.982026875,4.726757096,0.258275879,61.08933079,31.71944249,2.201681293,48.29532822,23.10246057,-9.602147036,100,72.98766478,25.40662674,30.48320899,29.98181897,29.48464737,11.09168031,8.740852927,0.091139238,27.55883797,8.868100906,2.09545387,3.998314337,5.472184474,1.755582979,0.255055429,60.30123428,32.78476517,6.51442907,49.06716952,23.65267338,-4.892499423,100,71.51282895,24.55089184,30.51008827,30.04698452,27.61040322,11.09168031,8.691655275,0.04875417,33.33766542,10.29119094,1.198556042,4.593041332,5.099159666,1.568716794,0.357655097,64.52494157,35.79469806,-0.883027451,53.46983391,26.98639315,-9.638323244,99.90844351,72.93625997,24.22508808,30.64129023,30.08938413,29.51894017,11.09168031,8.084913964,0.061922114,38.42875991,10.49388496,3.179351477,9.423276305,6.17244648,4.381940094,2.309953946,84.87389157,50.12892542,21.95486064,64.99703552,39.98405783,14.3919802,100,71.15919149,24.67129253,30.50831369,30.06055932,29.44066935,11.86349561,8.47780793,0,45.75036471,10.08369977,3.057654181,10.00123095,1.258761807,1.600865099,3.911773214,87.67718507,56.94108584,32.65986019,67.13388537,47.00069163,26.0611979,100,72.03021556,24.5953638,30.48755446,30.01222967,29.43832374,11.09168031,8.847683089,0.292454263,31.38249054,8.866848255,3.684829956,12.48227972,0.022273648,0.878757104,6.747273283,92.424706,71.01139747,50.19980937,72.33990777,59.98389162,40.39183036,99.10466304,70.60044005,30.43792805,30.33605633,29.96448567,29.6864512,11.09168031,8.580502656,0.419652129,27.2208375,6.977890143,2.893771869,8.133025891,0,0.928037784,6.341834834,94.84753591,75.24862541,52.84420309,75.71230826,64.15872816,36.83544908,100,70.89716816,26.95891144,30.26600807,30.01683572,29.74738991,11.09168031,8.695154299,0.31267494,26.05612322,6.160026914,2.70696667,6.169314476,0,0.76962185,4.283024954
2003,92.08055286,71.84145823,52.78848983,77.12943189,62.98035806,46.5906273,99.34546317,76.76325731,34.82207095,30.30409915,30.03247497,29.73429512,11.09168031,8.177279789,0.106056318,25.25580253,6.400669653,3.693875975,7.717363165,0,1.817882807,5.464595867,88.56925891,66.32556423,39.71523007,71.5381168,55.58598263,32.19231754,99.34546317,72.71744991,26.39383443,30.36101626,29.98291417,29.55122261,11.09168031,8.398914204,0.171633824,22.08883134,5.856855586,2.578286981,6.167093979,0,1.346594232,2.258514161,83.13512777,50.1027785,27.90702214,66.97057477,41.33219785,18.48124127,99.2363737,75.1820848,27.12645909,30.45500919,30.04251336,29.47107592,11.09168031,8.336375158,0.032927664,27.98582378,7.543093167,1.874085392,10.23465162,0.044547295,2.407318692,1.08200648,65.18392564,38.43413173,15.09168552,57.7908123,30.01015765,3.224235885,100,73.99330923,33.5196744,30.40223344,29.96498252,29.26160933,11.09168031,8.388182286,0.607333052,27.69721741,8.779808216,1.625663954,6.522201851,3.426196041,0.975823218,0.431658838,59.18096949,31.02506389,5.082101169,53.63794449,23.17069745,-1.211373857,99.37669165,74.78932686,27.73785646,30.58780972,29.989376,29.36016752,11.09168031,8.052133754,0.171011585,28.23448305,9.08076593,2.121411691,3.859382381,4.330837442,3.176088345,0.823897087,56.15346196,22.63180484,-7.543447452,39.36748917,14.10108076,-14.21150392,99.1689222,70.53177073,28.51467151,30.59866447,30.10844762,29.42152137,11.09168031,8.508670056,0.502625265,27.57589231,9.290860234,2.505798651,2.247279527,10.7457437,1.194608791,0.193907472,54.18628765,26.65953897,0.764623129,48.18156987,19.32447908,-8.460688666,100,74.54207744,27.67054959,30.53988176,30.02116526,29.34036222,11.09168031,7.885768698,0.061922114,32.93573773,9.473601606,1.197680132,3.045456721,10.12027104,2.703065202,0.287208937,72.30021456,38.4522096,7.666859859,54.92037946,28.8959166,-12.73012426,100,72.08607302,21.0955563,30.43337234,29.95185135,29.4662258,11.09168031,7.610678466,0.109089471,30.14966089,9.059679161,2.363832064,8.527711473,5.143037898,3.950795279,2.204449111,82.47928715,50.69432736,24.94144505,60.24296132,37.962389,16.7431715,99.2363737,65.76885283,18.27430737,30.35403214,29.94595234,29.48769862,11.22408293,8.714344509,0.440703151,30.32047581,10.15600207,1.795587287,9.747494917,1.632061317,0.713943974,3.176986325,83.3585666,58.51571302,36.47849947,68.74987462,48.23146494,25.38940488,99.2363737,71.43235039,25.16276224,30.36102982,29.92276296,29.3866269,11.24427447,8.542834746,0.564770053,31.95006795,8.909317086,2.981853012,12.67728288,0,1.233785896,6.885720351,90.50536811,65.98466497,40.13809745,69.71248931,54.74931713,29.79657685,99.34546317,69.94109658,25.26902666,30.19604037,29.93057022,29.65000384,11.09168031,8.420891057,0.061922114,24.92165203,6.591246066,4.015295376,9.211298939,0,3.039287401,3.939302593,91.61575408,72.04608389,53.39763237,74.63686338,62.65390351,47.54929525,98.53638848,74.32204339,36.81605355,30.1983625,29.96962181,29.64253579,10.47963885,8.739550717,0.288135011,30.62001715,6.685702903,7.422108265,8.005774958,0,1.181677048,6.579332311
2004,95.67054439,72.67219376,54.63850326,74.96045247,62.9310752,46.29264572,99.34546317,74.67033249,31.75235941,30.3424304,30.00976545,29.76754295,10.47963885,8.175319861,0.342538234,19.77522304,5.652381515,3.857425295,6.824242544,0,3.059811913,4.080557018,86.03963598,61.97672286,35.46609528,67.88716045,50.70659663,26.49579104,99.34546317,70.69303346,25.76636706,30.36292695,30.0146986,29.54294602,11.24427447,8.409657845,0.032927664,22.87919413,6.349231358,4.198979133,7.343187527,0,1.905474868,1.842844151,82.79539065,52.95461884,27.85052641,62.78752422,41.97496954,15.9276403,99.2363737,70.53965149,24.54424866,30.41327827,29.96233752,29.46486174,11.36509803,8.872179124,0,28.31944153,7.062847584,3.346318678,7.709430142,0,2.086354868,1.388468398,72.09462398,41.86107398,16.26862398,60.4995328,34.87766042,6.64401808,100,77.03298996,29.23161534,30.63454437,30.02419341,29.47404529,11.09168031,7.712070008,0.123844228,32.08208972,9.423416326,2.99708219,10.27814277,2.500085324,3.99732479,0.99634877,53.54874064,30.72872898,4.771647767,48.56946078,23.28506665,-5.072069391,100,75.46917251,24.62870872,30.57149451,30.00930116,29.30795856,11.09168031,8.258600391,0.219765755,40.31355211,9.576042157,1.754811986,7.419011161,8.364061658,2.002312064,0.282422486,58.05856015,22.06081911,-9.354723915,53.26185843,14.21260468,-16.93422583,100,72.63199644,31.46953528,30.61093742,30.10901945,29.5343202,10.47963885,8.38705744,0,28.23948489,9.588030484,1.920285377,4.082678665,8.997877313,2.982070577,0.197410946,58.55010166,29.14807031,0.744406615,44.32635899,21.83824535,-5.743240178,100,75.11242162,34.16927181,30.48643646,30.09933429,29.29378992,9.867597389,7.996044145,0.419561603,29.41718398,9.259090795,2.93888074,4.155748008,6.985926792,1.48826487,0.061922114,69.39028933,41.55108909,13.85601938,58.14713864,31.79741569,-5.429031493,100,71.57719096,19.2644556,30.54450143,30.07106027,29.38147601,10.47963885,8.073920298,0,34.54661692,10.28443373,4.13829336,14.19248923,4.87513709,3.023750164,1.767744728,83.96498191,52.00407625,23.41776356,60.58308968,38.14406556,12.98935119,100,62.14766397,21.46396218,30.26312893,29.97548889,29.51462939,11.09168031,9.163323955,0.684233637,43.38301184,9.949208709,2.43895364,6.552115091,0.089094591,0.165449937,1.014158531,87.12343114,63.19745965,36.13337447,71.09257621,53.95506563,27.74403931,98.72624203,74.84228619,28.52541294,30.33644604,29.94314588,29.43947735,10.11241397,8.586566968,0.232933699,30.86218454,8.835731639,4.846200994,13.90759235,0,2.730813093,7.846335139,90.04423097,67.93632098,47.37952086,73.35850833,57.73439093,39.20215161,98.63468554,72.15084935,30.70974854,30.28542893,29.99759193,29.63786567,10.47963885,8.932840814,0.364541343,27.41394481,6.676357219,2.624715716,9.166578915,0,0.950646483,4.459454594,89.41475538,70.60752934,51.78782805,75.68553638,62.34982962,47.14059993,98.82045188,77.95868363,38.88106293,30.28870015,29.95179297,29.62500873,10.32329358,8.226840506,0.255207347,28.94942698,6.209774457,3.084994516,9.920293097,0,2.890334073,5.813796634
2005,88.66714392,67.09255833,46.36058524,75.01903655,58.52486117,41.17731721,99.34546317,76.89036772,32.81489023,30.31604451,30.00878954,29.71170387,11.09168031,8.530128311,0.061922114,26.16775888,5.86525524,3.060643008,9.297905615,0,4.373634561,6.552195212,84.91896017,65.13849299,40.2493814,68.57782458,52.64606883,33.43513942,99.14481721,68.90913852,24.33686837,30.3104977,30.05852259,29.72353845,9.867597389,8.786180994,0.153803252,23.24911399,5.881585724,0.339805368,1.792999503,0,2.408631845,0.769540688,78.30942327,53.33518774,28.10355488,65.5549443,44.39164686,20.15763033,99.2363737,75.88126553,22.59854367,30.41520507,29.92884744,29.3703486,9.867597389,7.748926355,0,29.5196848,8.365672269,2.949917808,12.2203599,0,3.069858259,2.108499489,66.06254539,42.78463587,17.95604165,58.33799943,35.62686861,11.41998614,100,77.29931731,28.21913935,30.64153026,30.05616075,29.34077942,9.867597389,8.0414814,0.015259415,29.19501668,8.44886842,3.167284417,12.12133238,1.978594157,2.211872273,0.856348187,59.70459374,30.00218826,-3.121472854,51.42758203,22.561138,-11.18934473,100,74.85262185,30.70241487,30.66393511,30.04537118,29.3564334,9.867597389,8.37768978,0,30.93543909,9.718650606,3.807991272,6.437285,4.826960416,3.070150648,0.332906021,60.37424223,26.4671696,-0.53612106,54.78007296,20.77881005,-11.24805368,100,79.35578829,36.93510404,30.84967702,30.18401166,29.51884454,10.11241397,7.272224349,0.061922114,39.59338471,8.951346274,6.006428881,7.689227155,8.410372656,5.76897776,2.149670255,57.14781082,33.09345238,10.25551534,47.87584361,27.00651533,-3.388428858,100,79.07631257,33.3353159,30.43885968,30.07336451,29.44203132,9.867597389,7.098092488,0.233723464,25.35248469,8.235580072,5.19384787,8.330009178,7.224722854,2.045954096,0.248815353,71.46543662,37.0607635,11.65493431,53.0814602,25.80481506,-0.429889932,99.63544305,66.70724764,22.14696903,30.34451765,29.91298033,29.34413239,10.87836066,8.469983512,0.280723295,33.76525785,9.412232156,3.337422101,7.609699224,4.674225791,1.861791215,1.101338542,80.53034714,52.19802828,28.80000853,59.26084391,37.61813151,13.79221286,98.71136241,61.52640326,19.40690976,30.39221167,29.95407751,29.48032263,9.867597389,9.123565331,1.161892355,30.04453585,9.394815964,1.806754182,11.09053885,0.066820943,0.759925123,1.943304483,86.78658358,59.72516347,30.45382635,64.02376681,44.13321775,18.37173767,98.29900754,60.26301631,18.15210302,30.33691548,29.96366368,29.63145951,9.867597389,9.225931685,0.468196111,28.54711013,8.386551199,1.123656719,7.435016638,0.207769451,0.970655931,3.804530688,93.5648304,72.68353024,50.12434993,71.45529038,58.98408474,40.57390905,97.98948437,65.56642877,24.99435407,30.20741224,29.91823512,29.64577354,9.867597389,8.601845559,0.633109133,31.47534249,7.318827645,1.908118935,7.054671681,0,0.540693161,6.104082427,95.11443573,74.07264283,52.62602935,74.90687647,62.07175042,46.93829015,98.63859066,70.02724414,26.75452684,30.25636013,29.97403645,29.69448742,9.867597389,8.446627475,0.477461016,24.72784237,6.319505703,2.209449017,7.606893947,0,1.69062459,3.98188016
2006,93.48612866,72.92700319,53.64546962,73.60783043,61.80348025,47.27589834,98.91200837,71.74478184,28.41914435,30.22581244,29.97492891,29.5903545,9.867597389,7.816606744,0.146117876,26.94881306,5.456719705,3.166173976,8.284231972,0,3.23525825,5.730575852,90.26783213,67.81993491,38.68871729,68.37298111,55.25346879,28.20893381,98.8029189,69.1485897,24.37899955,30.27834379,30.00818541,29.62747908,10.02019154,8.143588167,0.061922114,32.52660226,6.145529177,3.386115878,8.009783091,0,3.103052299,4.517027281,84.0582251,53.42244297,27.62358618,66.23176414,42.35949734,21.45232798,99.2363737,69.77559276,24.24175222,30.41475303,30.02457243,29.62325512,10.02019154,8.813277777,0.07747496,24.18199753,7.072938068,1.390908853,6.059964872,0,2.119625908,1.230762107,69.2423141,39.96759546,10.49287027,58.46088429,29.14766431,-10.81382265,99.5665452,67.50762447,21.8013144,30.57960519,29.96077674,29.28999328,10.02019154,8.785882946,0.343042893,33.8575115,10.60024829,2.663327749,6.664650808,3.070830116,0.886408143,3.396673,50.59122456,25.38398139,-3.716848101,43.66351142,20.19753598,-12.00277926,100,79.89828613,47.71412399,30.65484203,29.98661776,29.36271451,10.02019154,7.342545485,0.109089471,26.61092081,8.265722671,1.081248837,4.648139631,11.93949405,4.68170098,0.316762153,56.06239556,33.36785088,13.47747246,49.8902321,26.37626714,6.104627666,99.75231154,76.99241747,36.0768444,30.54009584,29.93260163,29.35421059,10.02019154,8.049620044,0.106056318,34.54190018,10.16287519,2.169749528,7.559408186,5.584210329,3.116183825,0.827766829,60.81157093,30.79038874,-3.942799824,48.42558317,19.18334396,-15.99134069,99.90886076,65.22840888,20.0277635,30.74572772,30.06319314,29.44491088,10.632233,8.844977749,0.109089471,29.90738529,9.628136729,0.720614466,2.843118852,4.890173831,1.329401506,0.863169921,68.97581281,38.84638449,14.24229017,58.03252602,29.46312887,6.465536509,99.66075505,70.4503326,24.47205441,30.49167843,30.04459335,29.19770497,10.02019154,8.050327168,0.110109194,35.2962803,9.850641996,3.341720396,11.51412836,3.92787338,2.931050127,3.969838072,79.78409774,52.70300107,25.37162009,59.95853268,38.94368497,15.73392949,98.30230083,62.97124529,20.03996687,30.2934076,29.90614931,29.39802342,10.02019154,9.123854217,0.240697115,36.97861081,9.731129034,3.574846709,11.52766777,0.419272335,0.940644881,5.798093952,90.9737536,60.25027828,38.88224913,67.53081954,47.98269728,26.46064288,98.67450153,67.840148,20.60232809,30.26604643,29.88915698,29.45594139,10.02019154,8.762427236,0.328288136,30.38363824,8.001379445,3.599302999,13.40765583,0,2.02259101,5.446421919,90.22737517,68.77137549,48.51702832,69.45089101,55.53400423,35.8097063,97.71384512,65.25409072,24.61409964,30.18537995,29.99061962,29.75305057,10.02019154,9.210017696,0.704392922,27.76703092,6.829153235,2.872659623,9.769283676,0,0.750251289,5.13218618,95.02654295,74.76412495,53.43686983,76.26468972,63.99422682,46.00402374,98.25135321,72.31002192,30.91555763,30.31346117,29.9740493,29.70727634,10.02019154,8.497741339,0.156771892,40.55384446,6.363983719,3.017728059,9.341626728,0,2.774649705,5.894201734
2007,92.02376057,71.45076638,53.04478974,73.45718207,62.11104292,44.88492955,98.3626507,75.19072159,33.75339058,30.19679983,29.97796815,29.73082055,10.15259415,8.333212139,0.156771892,25.73165697,6.354989755,2.862033888,9.924464594,0,1.722284885,5.269639539,84.65862924,62.14803402,38.98302579,67.26921812,52.04407149,31.99722802,98.59453138,73.21960593,30.06335597,30.20857792,29.93832488,29.49648038,11.37667708,8.562799283,0.061922114,25.88955784,6.697462869,1.982726966,9.202371166,0,2.905789109,3.986244155,85.61404865,50.06774292,26.26453156,63.86387644,38.9792461,14.51749968,98.8029189,69.09746084,24.56265153,30.49440871,29.94673641,29.35065963,10.15259415,8.903590094,0.835083857,29.1422138,8.843686379,2.79415541,9.87537017,0.573499083,0.570835319,1.118232634,69.35302993,41.38032793,16.08602398,57.1993505,31.7738049,6.378784158,99.5665452,72.05580659,28.18451042,30.52315153,30.0789791,29.50309031,10.15259415,8.055292567,0.109089471,30.44315465,8.548661736,2.626427793,7.397279631,1.240545198,3.266715641,1.353295264,57.97404391,32.91513953,0.93150484,51.58406778,25.47449001,-5.708243934,99.5665452,75.40711232,32.67830676,30.68600271,30.06788686,29.41464854,10.15259415,8.057294758,0.232933699,28.45731214,8.99366407,2.296595829,7.441802994,2.749019298,4.643677826,0.748103629,54.80094605,29.0695642,-0.141293965,47.87235366,21.78257197,-7.055727822,98.7354674,74.99597798,36.840915,30.69807855,30.08136123,29.58082409,10.15259415,8.039647233,0.106056318,29.96087388,10.4063975,1.764460869,7.387050152,9.952908602,1.424337649,0,49.75430833,21.49013474,-6.150953232,40.83022041,12.62734161,-16.52247759,98.09015593,69.64150594,30.62972844,30.64228622,30.07392905,29.37196729,10.15259415,8.312051809,0.280101057,32.89885188,9.988618279,1.52458606,2.971226143,8.38581712,2.458779288,0.30324459,76.34545069,42.94314095,11.17081805,57.60220531,31.69003488,-3.044800145,99.43256618,67.8037468,21.20337112,30.55885684,30.0898131,29.13077783,10.15259415,8.461477189,0.109089471,33.44542925,10.23697526,3.21121144,11.29001213,2.825525521,2.570906075,4.899696789,83.9179134,49.10759093,22.07768515,57.91093871,35.10114684,7.160166111,97.56192003,62.36891075,21.52840551,30.33410004,29.9305467,29.26438407,10.15259415,9.160547639,0.71448297,35.75152594,10.22580601,3.304016181,8.436652356,1.719885417,0.655093513,2.928490416,87.41162442,64.84515991,38.44801289,63.75006711,48.64597942,23.95509476,96.9623556,60.69554399,18.71662231,30.33810893,30.04502449,29.77668178,10.76463562,8.835411994,0.331613679,32.72250132,8.39565415,1.660528403,9.087763749,0,1.350629418,2.709266778,91.04744934,70.18448715,48.17388033,70.50494669,57.20167335,39.85506521,97.37649082,66.80867104,24.35477594,30.24124238,29.95356536,29.51654537,10.15259415,8.728697655,0.255207347,31.43628609,6.573956432,3.129541692,9.83600889,0,2.964302437,5.133871844,90.07921161,71.74200184,52.78389692,73.48714005,60.0942118,45.94371133,96.71528938,69.83832908,32.63520893,30.23348558,29.97461728,29.73279963,11.37667708,9.111929018,0.634767743,24.81408694,5.51733454,2.1647624,7.262640914,0,0.840268832,4.685435453
2008,94.58891978,75.34275262,53.31320457,74.56138312,63.46306625,43.51238546,97.3480645,70.7663766,27.6767085,30.21169889,29.96276818,29.7108321,10.15259415,8.725323141,0.249660266,28.59303093,5.713500807,4.443353591,9.806214271,0,1.849982207,6.304523405,91.65025087,67.66018116,37.93748582,70.05335437,52.90270251,28.1567001,96.51046048,63.97042386,21.74612141,30.33422902,30.01358191,29.71931889,10.15259415,9.284058169,0.606280032,28.55603062,6.342292703,52.13906441,6.502054012,0,1.607826264,2.104369614,85.97287955,57.07051316,30.56160267,65.68699729,45.19880778,19.53423874,97.7124352,67.96920784,26.84264645,30.55993966,29.95237192,29.27431849,10.15259415,9.092559498,0.099917174,32.89198436,8.323194425,7.266287831,9.459168448,0,1.429243761,1.4752426,67.83456775,40.95800229,18.56566179,55.37628272,29.33802322,1.296830745,98.04707787,66.43836418,21.62105144,30.46361661,30.04206912,29.58847344,10.15259415,8.716001692,0.451603773,29.8936284,8.715308905,1.48304373,5.283005184,2.186899482,1.559046081,1.33024746,57.51582338,28.87974925,4.772048372,50.70577995,23.18494974,-2.304764808,99.75231154,80.02574538,41.75963273,30.47086332,30.03889383,29.30849169,10.15259415,6.470289422,0.123844228,35.29061564,8.568986873,2.935194434,11.0694743,10.15619752,7.994623566,0.466863189,63.79332519,25.1010076,-6.187155454,54.41463364,17.51100755,-19.71137282,98.34628519,72.42342175,32.14848093,30.79648398,30.06642653,29.14894085,10.15259415,8.063326157,0.077181529,38.18826362,10.75402379,2.514825778,6.166638225,10.87928986,2.567893732,1.549495029,53.37099369,23.92903996,-0.571283789,47.82292835,17.12283189,-12.71841827,99.5665452,74.73019568,37.49498047,30.5451511,29.99020669,29.13496433,10.15259415,7.082663413,0.123844228,31.90293389,9.547529329,3.039099648,7.471099198,12.65999858,5.107215471,1.738503672,65.01645291,36.90077257,9.793006786,54.86634563,26.8279985,-5.373168402,99.18487773,69.65029085,19.59018507,30.4469658,30.02873693,29.50780514,10.15259415,8.339240014,0.123844228,32.93546407,9.260349728,4.407402008,8.576250252,4.231614304,2.978511955,2.408182335,78.29196001,49.18592218,25.25283909,59.27656949,37.03984492,17.5217076,97.14114621,66.70492796,25.82758265,30.48672753,29.98700765,29.43267985,10.15259415,8.842646311,0.382803737,36.52745446,10.14797103,3.922107875,10.64443325,2.242298496,1.176444208,2.227575995,83.15859178,57.65345004,35.55222851,65.46530447,44.71124084,25.44404118,96.7333187,64.58385752,20.50467928,30.35408573,29.86693004,29.19895118,10.77181529,9.27887014,0.454021972,36.76132776,9.225872139,4.138498818,13.0969631,0,0.943281591,5.210328122,89.72622122,70.73463729,50.74961969,72.26869682,57.62128618,39.40906887,97.60509487,66.59968115,25.4482262,30.20025426,29.90114667,29.52864851,10.15259415,9.398528964,0.123844228,39.01688369,8.233862028,5.187314593,11.41047463,0,2.044626376,7.762237187,90.11202794,71.91976478,43.17503741,73.51105878,61.48532053,46.19644533,97.99038131,71.49574838,31.55051579,30.16844463,29.9391885,29.70117887,10.15259415,8.990742916,0.440703151,31.33737199,6.222479633,5.477386608,10.55661748,0,2.332326444,6.867746185
2009,89.29479234,70.11580239,50.59079794,75.07020059,59.22578235,44.79502022,98.54768034,70.94243057,30.97130522,30.20752346,29.96204352,29.69527792,10.15259415,8.990983346,0.099350083,31.49925602,5.272840386,1.121136408,6.249621766,0,2.081358228,3.566133151,89.05311192,64.95788117,36.64820206,69.86795949,55.26389098,30.21511665,98.32841924,73.92789665,28.66101102,30.30111646,30.03727029,29.439105,10.76463562,8.45338468,0.033494755,25.60017731,5.316476978,16.60240244,9.636882106,0,3.457203922,3.305925003,80.52910267,51.52162244,24.66365814,62.32899882,38.75920803,11.54719753,98.77830614,65.88802832,23.08213447,30.46457037,30.11053937,29.65290158,10.15259415,9.358023546,0.487381457,31.62871808,7.053490307,1.60716396,7.159156794,0.49859424,1.047532584,0.249262782,70.03098291,37.97653279,11.83217973,53.81012459,28.25814359,3.358767426,98.26339218,69.57296709,30.53672457,30.60447494,30.02127606,29.28425499,10.15259415,8.886144021,0,27.55825215,8.565079854,1.087996032,7.313743567,4.942842486,1.43513838,0.481483717,58.59703906,25.86204206,-2.200156912,54.82957319,19.72249275,-11.39655854,100,75.97136578,44.83983909,30.70263332,30.07237058,29.31322097,10.15259415,8.060012389,0,35.14790343,11.03072672,3.490713041,9.278657837,12.93719864,4.113536709,0.83300175,58.57236698,20.4748442,-16.60382437,43.95004401,12.09902947,-23.47425201,99.1689222,71.60724563,36.22356474,30.76181492,30.06155272,29.29434302,10.15259415,8.073939058,0,30.78938261,8.775365656,0.695645958,3.101976388,11.67709246,3.009422026,0.223028866,62.93786146,30.48341509,-1.203678076,51.59466664,22.21803579,-6.814617615,99.86828934,71.66421668,35.23022415,30.66402877,30.09397909,29.29512012,10.15259415,8.448522793,0.121315733,35.56282322,10.24941767,3.005784068,5.611220483,5.428835873,3.561654697,1.196659681,72.25546748,40.48180188,9.141470856,56.34192952,28.59323662,-0.053614499,99.86828934,65.11481623,20.74208206,30.68899039,30.06598027,29.30706364,10.15259415,8.993931679,0.077628958,40.31440222,10.09843918,3.679188337,8.552692587,1.567217386,1.395721953,3.009026623,81.79099231,49.18128381,24.30799566,61.01883573,36.49519115,11.22422756,99.49972426,65.30024862,21.99763487,30.40376007,29.95976621,29.42570747,10.15259415,8.809706011,0.445515615,31.49679828,10.56878432,4.756243858,11.47842663,1.152757516,1.261375626,3.747099514,85.7231298,60.76944772,37.56995815,66.42876304,47.59953307,24.7101273,99.45160689,65.48695617,20.77900433,30.37152617,29.98588278,29.60611492,10.15259415,9.197562195,0.331613679,34.38473497,7.580140721,3.701291317,10.66420546,0,1.369365254,4.921850775,92.00692683,69.76966611,46.27831342,73.53928428,58.37582481,36.6262541,97.88040947,70.09088826,28.66669025,30.14507527,29.87511848,29.59723583,10.15259415,9.021583532,0.157338983,36.08130308,6.97657587,4.370534527,11.71541425,0,1.89608718,7.50417774,86.88669013,69.03128215,52.4114288,70.04067027,58.43427293,44.85520984,98.53907513,71.22382934,32.96710251,30.18479944,29.95688314,29.65479308,10.15259415,9.073900561,0.364853503,29.66490886,5.766379348,3.138970299,9.359123289,0,1.716164471,3.841028421
2010,88.68400576,68.78283027,46.58022197,72.70632623,59.37781267,41.16582037,98.78676359,74.23459462,35.45435598,30.28243362,29.99276758,29.65603114,10.15259415,8.631043205,0.022273648,31.58174531,5.87978354,3.825248349,8.963989237,0,3.647081409,5.558801556,83.43076086,64.39101483,42.64546338,66.92024627,54.11642944,33.262643,99.54081594,72.74699707,29.26875821,30.33006595,30.02856148,29.46003338,10.15259415,8.067115555,0.156771892,27.50399252,5.171381758,1.532051333,6.530552128,0,5.382801656,1.182262868,71.8993274,49.18020634,28.32023753,62.91884676,41.18607125,18.47228124,99.64820831,75.32089851,32.90893464,30.4139142,29.95327923,29.36315752,10.15259415,8.425807318,0.252805797,29.61358978,7.836989979,6.940319912,14.99144682,0.295717375,1.040486095,2.312502211,70.47708018,42.82040426,21.45680124,52.84323331,33.05406387,13.42820635,99.64820831,71.32659238,27.18174884,30.41289361,30.01007448,29.62474595,10.15259415,8.550606041,0.048187079,26.80296989,7.593929045,2.099365431,8.479650298,0.440399315,2.429317639,0.168201106,55.97420727,28.02183659,1.001067587,42.69021774,21.15713863,-5.333027763,100,75.10441973,32.09220787,30.58653635,30.01700611,29.05335047,10.15259415,7.592740652,0,34.5987497,9.413304274,3.047056608,7.162457364,12.02304156,3.904798522,0.173436027,47.84610934,20.6664279,-7.404674698,42.86441856,14.00996857,-13.8737126,99.64820831,76.17252741,41.61438682,30.56854458,30.09764643,29.18106604,10.15259415,7.419185903,0,28.20168441,8.493489218,1.26425681,4.298066898,7.618384552,5.687183548,0.535625766,45.91440784,25.68366599,0.603822294,35.96248983,18.69562751,-4.371417185,100,74.38505809,38.79698266,30.37745544,30.01637633,29.63188601,10.15259415,7.552510196,0.077181529,27.17226439,7.819187821,1.25840736,3.633726169,10.7099296,1.907190707,0.061922114,74.3919417,40.49888472,15.64410132,50.14223461,29.5802321,8.38874518,100,67.83712427,21.83425767,30.41194815,29.92889535,29.3860249,10.15259415,8.505950976,0.232933699,28.03900542,8.265388357,1.951074106,9.062552677,0.317991022,2.916808353,0.855468937,80.64481409,54.96829344,26.82781886,60.90509507,39.95916078,13.60361627,98.62268924,61.00708749,20.02352333,30.36014459,29.88595435,29.20628607,10.15259415,9.281651797,0.032927664,35.93041852,9.634400469,2.21354969,9.369913615,0.207769451,1.243164219,3.467076498,89.64561634,62.11525725,33.50640136,68.37867698,49.59602273,25.35045357,98.28801743,66.7919105,20.46679555,30.43027913,29.96418903,29.50507562,10.15259415,8.946739584,0.232933699,33.70550213,8.253716062,4.487910667,12.24942615,0,2.12343738,6.655872872,88.80641405,71.65370589,53.58404176,73.35271152,61.88223533,44.9242388,98.81322538,73.53491023,34.65514762,30.26160232,29.92123936,29.5666696,10.15259415,8.95256859,0.123844228,33.47465262,6.712447098,4.965057489,12.92331272,0,2.941439848,10.09299035,91.37134435,74.71671877,54.08141338,74.94167189,64.55301139,47.23837152,98.61395812,73.24230034,33.72115279,30.31560189,29.96249626,29.68137491,10.51981903,9.200836682,0.156771892,28.14276632,6.153537043,4.651984775,11.29136274,0,1.892078007,6.486308668
2011,92.56841816,74.31201472,51.95959194,75.25270591,63.12983345,46.54973227,98.61395812,71.71148969,30.05159378,30.23137314,29.95407809,29.67381443,10.15259415,9.119542336,0.156771892,29.31647497,5.559450455,1.781701838,6.218092578,0,1.833881,4.552774789,90.94846032,65.46694525,41.00561368,69.55854975,52.32044834,33.61572599,98.91200837,66.78592055,23.51202544,30.21523829,29.96283031,29.69021712,10.15259415,9.399890744,0.27419187,30.19429767,7.371802945,2.945011592,10.0367433,0,0.768754045,4.338050416,83.71922884,54.55019094,27.14562987,60.83071154,39.16407563,20.2297684,98.04082323,60.69719737,20.8678929,30.40186134,29.9572994,29.09360029,10.15259415,9.611983764,0.590310974,36.64228455,7.515807776,1.423876365,5.318100278,0,0.390512005,2.40926657,71.65088248,41.58517893,17.17705708,57.210787,30.51812737,6.009739388,100,67.83524243,27.95469208,30.52575416,30.03737417,29.53220844,10.15259415,8.924738878,0.331613679,29.91965005,8.855587592,2.259134282,8.253703777,1.342059589,1.562631757,1.407409219,56.06632773,22.9776896,-1.277580886,51.27575267,17.50368144,-7.419074633,98.90096416,77.47390394,42.39098649,30.53868681,30.09314737,29.48201226,10.15259415,7.378174943,0,32.69679807,8.515731616,2.079438726,4.409573527,11.87644192,5.889959482,0.53336781,44.4429507,22.89072961,-7.056652855,37.37577182,15.51412376,-12.0762721,97.27414297,72.94097577,38.56259118,30.6041834,30.0549327,29.40240899,10.15259415,7.549419809,0.123844228,27.84681899,8.12421647,0.650219318,2.662699808,12.94300065,2.829746963,0,60.11859266,28.50022338,-8.961264081,51.54816003,20.8838708,-15.6301894,98.31115056,73.21977969,34.04251201,30.65066019,30.07108833,29.4790238,10.15259415,8.193608281,0.077181529,46.37029757,9.594449768,173.5442122,5.000021851,7.619860028,3.182971471,1.108410003,70.48345969,39.15997207,19.00466367,53.67468883,27.96877176,2.107495375,97.67317589,66.78675751,20.30650562,30.50550854,30.07385282,29.45900143,10.15259415,9.058323884,0.358527063,32.42716374,9.398789243,2.257552797,8.801589102,3.161853855,1.047616867,2.630523409,81.69451514,50.92246115,25.82461714,62.18179775,39.18226817,12.9694999,97.24804848,68.25679371,22.6379986,30.40054635,29.82443058,29.24560361,10.15259415,8.780052117,0.185766342,37.76049534,10.71706391,5.00242183,14.01114307,0.526907141,1.622316726,5.760649334,89.40481205,60.65804614,33.36381609,67.41957513,48.94654547,24.12092761,98.7581916,68.90211656,27.57692452,30.43355211,29.90207998,29.48818396,10.15259415,8.959035998,0.139103643,39.69208342,9.244712633,3.447014508,13.01966607,0,2.394606502,5.464389842,92.78550975,70.17073519,51.29855595,71.06494798,59.094331,40.97183277,98.90539579,70.35066341,26.47016896,30.27167256,29.90259637,29.57374574,10.15259415,9.161814315,0.289196355,39.18304847,7.87033836,3.747365579,11.9035426,0,1.781998989,7.766271334,95.21030835,76.85953165,57.56974588,76.96031095,65.78503412,50.76519022,98.71274112,71.81196473,34.46177498,30.1299358,29.93493464,29.72524424,10.15259415,9.00510905,0.061922114,28.54486882,5.497815653,1.977291332,7.488567665,0,1.826046828,4.609833452
2012,93.29909807,72.50782581,52.14099533,75.48848234,60.95071771,45.73264339,99.26849495,70.29525967,34.19295955,30.12352636,29.89719545,29.57045861,10.15259415,9.203380785,0.032927664,26.91670638,5.10682403,1.686646935,5.92205576,0,2.248747719,3.955472475,94.28162023,62.23639954,39.9734019,69.42360824,50.91751182,27.4810186,99.5665452,70.1629734,25.92664139,30.34599201,29.94539045,29.51027315,10.15259415,8.691841979,0.207769451,30.83834801,6.677913405,2.883735139,9.280761795,0,3.840736031,1.315437554,81.35412769,53.72268542,28.57430342,60.54941387,40.64559459,17.03374344,99.66902209,66.04718303,23.67031131,30.30471735,29.97379753,29.48855747,10.15259415,9.383225119,0.359551988,29.54543279,6.95619296,1.570430619,8.437143487,0,1.813091153,0.918458638,68.20158036,41.71712887,17.61471459,55.34262772,32.24367845,-3.446653958,99.89951574,71.86380645,21.17012193,30.38088294,29.98757005,29.33100725,10.15259415,8.733492292,0.207769451,35.18142732,10.72930137,3.649373974,9.126529844,1.007443973,1.619104601,0.488491706,57.17444118,34.60136513,8.752388543,52.89159104,27.4697739,0.427013899,99.5665452,76.35690911,32.4292115,30.56901519,30.08195697,29.39134807,10.15259415,8.532611606,0.185766342,30.74784974,8.307212552,2.319604972,9.201202648,4.135047646,2.776860837,0.489233606,56.21923612,28.24094071,1.068952995,47.75355186,19.32493393,-7.852316122,100,71.31150653,29.68166872,30.56771614,30.03004512,29.38449694,10.15259415,8.411414585,0,35.34562341,9.838635734,1.472701702,5.555580066,7.543578559,2.88400035,0.946682053,59.63314763,33.97943077,7.686787105,51.96570195,25.375478,-2.932886667,100,71.3229403,22.78450563,30.50466685,30.03521354,29.33026217,10.15259415,7.946277142,0,36.14637177,9.159485242,1.133554122,7.193637974,5.79002566,5.835577069,0.885530974,79.47565985,49.88815429,13.29750605,59.44415668,37.49409266,4.778242665,100,65.57158276,21.55634382,30.5246979,29.9723782,29.29320105,10.15259415,9.111826878,0,35.80801231,10.20817523,1.646774358,8.949558086,1.733566343,2.056872408,3.299912803,80.05181022,52.07392473,24.16934985,60.73993545,37.67662755,10.80530901,98.2802613,62.35990251,17.51344473,30.36389465,29.98067063,29.54030527,10.15259415,9.297172074,0.699420215,33.87606212,9.453805992,3.174967879,10.90516167,0.022273648,0.458934328,4.281125981,91.52972386,65.17527734,39.84904469,66.53617309,48.81752599,26.19620185,99.00588005,60.0536297,17.17473149,30.2355443,29.93792464,29.54063725,10.15259415,9.499354415,0.351400453,31.5242413,8.227540496,1.854151997,8.191804555,0,1.010166007,5.35303409,96.9427041,70.66034696,46.00704545,73.49097858,54.81099191,36.50486657,98.34054249,61.23365489,21.75291193,30.1848381,29.93255035,29.66508491,10.15259415,9.782017579,0.762707508,28.45088268,7.481113148,1.091642367,6.635608493,0,0.343186486,2.593723922,99.79118273,78.1835294,57.78608412,73.73366728,62.8986969,45.78902363,97.95909457,63.72194805,24.03402647,30.15789792,29.94745427,29.62489793,10.15259415,9.690528324,0.491229348,28.76136314,6.188818762,1.137085134,6.60688146,0,0.470141908,4.465859074
2013,95.10295761,71.78331694,49.88113992,71.69941293,57.72353171,41.22724094,99.46606094,65.44420397,23.46646154,30.17035489,29.95764406,29.7002796,10.15259415,9.438242156,0.234520512,32.94097993,5.509271685,3.014735783,7.851139279,0,1.550811304,4.004621007,89.18264474,63.34026266,35.29624076,70.32473784,50.67044297,26.68910645,99.18321287,68.36288565,21.97907072,30.31900987,29.96855716,29.61788087,10.15259415,9.245215387,0.123844228,29.76196769,6.692488462,3.49784951,8.898025693,0,2.880449011,3.620605049,79.1594367,50.78493131,27.68432312,63.30224568,39.65858608,14.94601819,98.73108883,68.72447326,25.95538299,30.43239273,29.98906782,29.36607996,10.15259415,9.366762781,0.625750484,32.26577084,9.522171273,3.151181156,11.12338535,0.055768402,0.801262375,3.106270668,69.42546351,38.81263304,14.00186047,54.12558088,28.57020816,0.812863276,100,68.55047063,26.19307817,30.54394336,30.16147791,29.72202175,10.15259415,8.815032753,0,34.62183392,7.307676393,0.820770046,5.095787298,1.379439694,2.034250182,0.774752717,67.69795931,33.4395298,6.614240109,57.66104536,27.42311824,-4.932646304,99.86828934,78.16082358,36.07868302,30.46422618,29.97559211,29.1418931,10.15259415,7.94958524,0,35.09093113,8.961694806,2.238312131,9.39577398,5.829255832,4.833730123,1.058234465,62.09865813,28.53602473,-0.228364719,56.04057766,20.38096541,-9.930798318,99.73431032,72.46225266,33.13579371,30.62673792,30.10587174,29.29305207,10.15259415,8.732010804,0.123844228,32.95326759,9.684187276,2.698647583,7.125824362,6.416931135,2.892213276,1.196635749,54.27111085,27.90089002,-1.888263413,45.80406141,20.53469631,-16.17926925,99.046157,74.37986096,34.19956069,30.4661373,29.97407557,29.35703145,10.15259415,8.150405503,0.095416869,31.61127355,9.798577688,2.179747426,5.250042142,9.967491671,1.94987857,0.320162614,60.90520745,33.5019325,8.310132918,48.00260549,24.55527603,-0.024162215,98.74668122,70.73938531,26.56262239,30.50049068,30.06660917,29.50030841,10.15259415,8.427011583,0.061922114,29.49422712,9.264317951,1.813031842,6.812782114,8.594279566,3.332330606,0.476680617,80.44826782,47.86408538,20.15878116,60.42984623,35.46413505,-2.65141835,98.68163439,65.69552449,18.87248581,30.501031,30.02312599,29.51617557,10.15259415,9.078472345,0.391062447,34.73654123,10.21556079,5.598044027,11.78005319,0.92275916,0.782894887,4.63339632,89.86072155,61.87680866,34.58953786,68.67387201,49.67726734,19.89513301,98.13897046,67.60565397,19.13703298,30.42874777,29.97065108,29.63766344,10.15259415,9.165027413,0.232933699,33.78348175,8.883462998,5.059859929,13.82635691,0,1.746458546,6.827006199,93.40725834,70.38189032,47.30170564,72.88951726,58.80527585,40.87909632,98.35470935,69.87943494,28.59585077,30.18807818,29.92507354,29.60718117,10.15259415,9.376740031,0.149870037,34.58765033,7.477039184,4.192826967,12.93354845,0,2.320883704,6.853453425,93.36426456,72.35856913,49.85506105,74.33714723,61.98157894,44.54620799,98.1242157,71.99576053,32.2443858,30.31496589,30.03552665,29.70947985,10.15259415,9.22053726,0.554642546,27.43811951,5.881561636,2.593191445,8.347090566,0,2.455286219,3.17266083
2014,93.84521865,71.84172242,49.91805595,73.11071062,60.89341466,44.42036906,97.91304058,71.48861254,33.91877808,30.24492509,30.00785766,29.69725777,10.15259415,9.162286079,0.109089471,26.5673256,5.238627227,1.378581441,5.847971897,0,2.644065945,2.55918135,93.30613935,66.7980892,42.26259409,71.82026979,54.30150052,32.3107999,98.72624203,68.03088513,24.79571529,30.2981828,29.96804189,29.65532995,10.15259415,9.363251083,0.218694006,26.1472146,6.3973918,1.301582713,6.941334754,0,2.368037534,1.743920686,84.74456686,53.7283577,25.17112292,68.18912934,43.61918328,18.99038444,98.8029189,71.39178105,23.46376448,30.43315027,29.97697388,29.2783057,10.15259415,9.095377866,0.123844228,27.91444842,7.451206961,3.518157403,10.76522144,1.003623136,3.208876578,2.526259929,73.03367997,37.64572736,10.10363708,61.29874637,28.339996,-1.240675264,98.8353544,69.84609866,25.95544022,30.74196486,30.17361604,29.27849575,10.15259415,9.209992966,0.219261097,37.707193,9.384831423,1.624954425,7.998283121,2.838481197,1.197170583,0.643454111,58.90788786,25.81084108,-2.313081788,52.46305692,18.64796892,-16.76735661,99.00137975,74.31762533,33.52292398,30.70983655,30.11588843,29.48641068,10.15259415,7.824748008,0.123844228,26.80779276,8.54720777,1.637309603,5.882664305,10.75475159,4.208693444,0.092888374,51.21835375,21.96373541,-10.71482322,40.41493123,12.94815149,-23.03254891,99.30312389,69.51241302,28.23642885,30.64253305,29.99582227,29.39690702,10.15259415,8.083127873,0.109089471,39.83378111,11.36375564,1.328644305,3.372146599,15.85657919,3.654617989,0.171633824,55.36233854,20.25208474,-9.605599524,49.58744847,11.87157661,-18.50457314,99.23440397,69.14287104,32.29731355,30.61009596,30.10473138,29.23579561,10.15259415,8.348405874,0,38.64133351,8.96334039,1.79959246,2.795475971,10.30772929,4.960644964,1.317712159,67.2863224,33.63939513,-2.164572768,48.26016341,22.70682471,-18.50796008,98.06997272,65.99180839,24.00416421,30.53517917,30.04948361,29.41982912,10.15259415,8.713217514,0.077061868,35.08782202,9.914640755,1.229582939,5.463899751,5.402300202,1.497670247,1.047490963,79.62316684,51.31664697,24.54624024,58.91329655,36.23371004,9.931973079,97.44630954,61.07597465,15.1978719,30.35841197,29.91130205,29.40685697,10.15259415,9.333184017,0.668242727,35.16201306,10.37523608,3.308419264,13.00584988,0.999637895,0.751560279,3.936295453,88.35005296,62.77259643,36.33910448,67.23693247,48.09548769,21.09563122,96.55021716,62.89585095,19.6185552,30.30844521,29.99023922,29.6883322,10.15259415,9.537336738,0.804790822,33.75849855,8.974722837,3.034388635,11.17315404,0.207769451,1.463732225,5.899747775,89.13846372,71.00072324,49.16663406,74.03856527,59.89670609,38.59780385,99.07220778,71.28432829,26.85235566,30.13665637,29.91334711,29.62511237,10.15259415,8.946018574,0.218178943,33.59804525,8.131055954,5.493046935,13.84253511,0,4.301051146,8.60881373,93.84697923,69.53381843,50.71937139,74.21335087,58.5281245,44.68039927,98.56757741,70.49235712,33.78918179,30.3007763,30.00127487,29.64389063,10.15259415,9.422737813,0.28061612,31.63113004,6.640192779,2.428683757,9.495698437,0,2.217398543,5.176212169
2015,90.89095735,72.26359713,50.67789783,76.05931454,63.05864772,43.45307301,98.01775045,75.5209947,29.91904134,30.18726035,29.96012925,29.69555948,10.15259415,8.593721169,0.247688456,29.82066623,5.866340761,4.025912849,11.77707519,0,5.004267226,7.259139521,91.92147722,63.87051459,39.32279724,71.92558005,53.06857244,34.90219511,98.61993182,70.98976105,28.10168712,30.38268813,30.04363707,29.55728953,10.15259415,9.253711269,0.28061612,29.11530145,6.217875974,3.105514034,7.529902835,0,4.055057718,4.412041671,79.93969383,52.37750209,30.00956458,63.01990539,42.38566722,16.37130065,99.54942531,71.20185342,22.05891185,30.38276714,29.92282009,29.42426931,10.15259415,8.98271846,0.142584226,30.95758892,7.942366459,2.901837945,12.4326744,0.43781255,4.171134368,2.420886201,67.48025485,35.82514039,9.772754894,54.62503252,26.39194628,0.093361816,98.64215657,69.93533372,27.92930411,30.48985454,30.03387212,29.14776737,10.15259415,8.873380636,0.17961263,31.72257623,10.20611781,1.708385155,7.384085673,7.818873394,2.738053121,0.033494755,54.85589035,33.10451539,6.871596157,47.71154034,27.23275641,-3.721175677,99.24695696,78.72091669,38.32420508,30.66816156,30.12363223,29.45487747,10.15259415,7.887685246,0.061922114,27.37138493,8.089446358,1.598095924,7.857272181,3.744419102,4.276189693,0.128911623,51.13006349,25.23582826,-7.132325612,38.65859803,18.23589459,-13.3826591,98.59333268,74.44319221,37.52917862,30.8606357,30.15560324,29.51498811,10.15259415,8.267936455,0.169950242,31.70660405,8.372163784,1.221605776,6.276689149,9.317114894,3.029987118,0.04875417,51.53367893,20.57153686,-7.815383447,41.20217034,11.97076526,-19.75736333,97.39769792,68.19430778,28.99736537,30.74474246,30.17361723,29.56562855,10.15259415,8.473056329,0,33.97086716,9.334185245,1.278563752,1.240098809,11.23724047,3.037794237,0.061922114,73.10170065,38.19478749,-1.751123255,49.94780063,26.90178312,-8.428939926,99.34573995,67.12914396,21.22802551,30.60685183,30.12519769,29.68061106,10.15259415,8.591350097,0.123844228,28.65140482,8.266480044,1.465324209,7.336678994,2.71747034,3.919564724,0.52339118,78.8828953,52.57328817,25.90873486,61.8059198,37.28833257,11.73939749,98.64747681,60.30074152,16.79787024,30.36427051,29.920943,29.33005065,10.15259415,9.158825453,0.364541343,34.56277951,9.528798899,2.739780442,11.12129804,0.274590394,1.776208423,4.189540355,84.88474537,63.42802033,35.76794555,67.59962374,51.22495264,29.97614474,98.47272763,67.50787801,21.84965964,30.43211198,30.04792001,29.77281494,10.15259415,9.192639901,0.20393925,31.97878666,9.271944084,4.577082533,13.85663433,0,1.490797527,5.521459951,91.47356526,70.89686796,47.81379976,73.31150226,60.7630651,41.74320792,98.374647,72.8554286,32.69520398,30.26785414,29.93770169,29.64343943,10.15259415,8.776848767,0.123844228,40.92378304,7.503915525,6.465530901,13.57233889,0,4.206530176,10.16723965,90.70193518,72.87864218,54.52986434,76.9587949,63.47297471,49.01485049,97.22006543,74.22745805,32.24545131,30.18517948,29.93611351,29.57342682,10.15259415,8.844564521,0.269691565,31.47629146,6.044701966,3.820778116,9.391236216,0,3.508345074,4.724758232
2016,90.46547616,70.88536623,50.22289152,72.16426997,60.34324241,41.44315361,98.07386743,71.73779289,31.22207158,30.21170099,29.98808806,29.64433913,10.15259415,9.248390816,0.28061612,25.34274218,5.933962142,2.931900814,7.129545308,0,2.308488876,4.609559792,91.11822431,68.6286706,43.92681516,71.26141725,56.46676021,36.75890332,98.09752915,68.73802347,27.39182412,30.26264624,30.00623966,29.6669975,10.15259415,9.344773646,0.455680581,28.92429291,6.483753362,3.815672663,7.487877791,0,1.742016511,4.006889368,80.70953524,55.70579445,28.84676176,61.90247293,42.87132287,17.56489804,98.09629612,66.26116648,20.6681189,30.50436752,30.02289959,29.43393228,10.15259415,9.262694317,0.211792151,29.15435369,8.834588496,1.599481768,7.466220139,0,2.478167538,0.909473636,70.29732292,44.81016292,11.24185315,59.61783931,35.20202439,4.497239466,98.39488953,71.3605483,28.18149183,30.45568384,30.03792517,29.33090139,10.15259415,8.535205113,0.30961057,36.90181323,10.01725887,4.086457469,9.970229313,1.246098522,5.044527525,1.01524901,65.18843115,38.38190458,14.93157872,58.61643771,31.49406118,-1.608238315,99.76950635,77.93994101,35.79401194,30.57226321,29.93091952,29.12796562,10.15259415,7.938063721,0,38.12423339,10.3232829,5.184984272,10.39891327,2.988891271,6.702314978,2.058451937,56.2089567,28.21096691,1.826907349,47.00187504,20.91306066,-8.831172493,99.34619987,74.06657914,38.98830233,30.49471176,29.99424299,29.35099725,10.15259415,8.843895358,0.059393619,32.20761233,9.778199164,1.232944042,4.799819155,8.511348052,2.45923192,0.015259415,66.90017231,33.80715251,6.331705246,50.69312499,23.88768466,-6.109805358,99.73431032,69.67433842,26.24527858,30.58880938,29.98275211,29.38316707,10.15259415,8.654614473,0.061922114,36.20653954,9.82446572,0.836329791,4.224789448,6.81453021,3.299299929,0.56580018,71.53824583,44.96495354,14.03754347,57.68077178,35.2979472,5.115327466,99.86828934,70.74477023,22.79644471,30.38349976,29.93890561,29.33036681,10.15259415,8.777565949,0,34.78974888,9.629134163,3.09844174,11.94985152,2.288162065,3.608913621,2.883812013,82.08972515,52.32539456,25.59482064,59.31365616,38.90698546,12.13584261,99.24695696,63.49577918,18.66095692,30.40274532,29.96591061,29.54828945,10.15259415,9.046672341,0.691809757,39.16548011,9.512474787,2.662588679,10.29737702,1.718848005,2.704256612,3.283336073,86.82275978,61.31701833,37.12367254,67.55097363,48.98934207,24.68745721,98.78251301,67.64689301,21.92376432,30.27166095,29.98397662,29.64588107,10.15259415,9.231302636,0.572066269,31.25858492,8.051852418,2.985319725,13.48847506,0,2.162346027,6.8272809,93.43615602,72.66955472,49.71811339,73.62798451,58.86163907,37.09409123,98.28024777,65.58474609,22.04933375,30.24132367,29.9657832,29.65540643,10.15259415,9.552368298,0.423862125,26.44986088,7.022660691,2.645323507,6.59905041,0,1.866101102,4.338305346,92.43346104,74.19549311,53.96824606,77.71582109,64.99375784,46.25977945,99.33605155,76.11639223,35.74499972,30.26198977,29.9868552,29.71698834,10.15259415,8.992091312,0.247688456,33.61347116,6.212371661,5.552655409,11.30497916,0,4.765972701,9.193704568
